namc_term_diacritical,tm2_code,count
(a) vātasañcayaḥ,SR11,1
(a) vātavṛddhiḥ,SR12,1
(a) vātaprakopaḥ,SR10,1
(a) vātaprasaraḥ,SR13,1
(a) vātakṣayaḥ,SR14,1
(a) atipralāpaḥ (a) pralāpakaḥ,SQ00,1
(a) anavasthitacittatvam,SQ05,1
(a) aṅgamardaḥ,SP9Y,1
(a) aṅgaśuṣkatā,SP9Y,1
(a) aṅgavibhraṁśaḥ,SP21,1
(a) arasajñatā,SM1P,1
(a) uccaiḥśrutiḥ,SK84,1
(a) kaṇṭhodhvaṃsaḥ,SL02,1
(a) kaṣāyāsyatā,SM1Y,1
(a) klamaḥ,SP97,1
(a) kārṣṇyam,SN41,1
(a) kārśyam,SP61,1
(a) keśabhūmisphuṭanam,SN4C,1
(a) grīvāstambhaḥ,SP45,1
(a) gudārtiḥ,SM50,1
(a) gulpha-grahaḥ,SP1Y,1
(a) ghrāṇanāśaḥ,SK91,1
(a) jānubhedaḥ,SP1Y,1
(a) jānuviśleṣaḥ,SP1Y,1
(a) jr̥mbhā,SP95,1
(a) tamaḥ,SP98,1
(a) prasuptiḥ (a) tvakśūnyatā,SN9Y,1
(a) todaḥ,SP9Y,1
(a) daṇḍakaḥ,SK30,1
(a) dantaśaithilyam,SM1Y,1
(a) nakhabhedaḥ,SN60,1
(a) hrasvakeśaḥ,SN7Y,1
(a) pāṅgulyam,SK21,1
(a) pādabhraṃśaḥ,SK5Y,1
(a) pādaśūlaḥ,SP4Y,1
(a) pādasuptatā,SP45,1
(a) pāruṣyam,SN4R,1
(a) piṇḍikodveṣṭanam,SP9Y,1
(a) pṛṣṭha-grahaḥ,SP42,1
(a) bāhuśoṣaḥ,SP4Y,1
(a) balahāniḥ,SP9Y,1
(a) bhedaḥ,SP9Y,1
(a) mala-apravṛtiḥ,SM7Y,1
(a) bhrūvyudāsaḥ,SK5Y,1
(a) mukhaśoṣaḥ,SM1N,1
(a) mūtranigrahaḥ,SM81,1
(a) raukṣyam,SN42,1
(a) lomaharṣaḥ,SP9Y,1
(a) lalāṭabhedaḥ,SK0Y,1
(a) trikagrahaḥ,SP1Y,1
(a) vartmasaṅkocaḥ,SK7Y,1
(a) vakṣoparodhaḥ,SP9Y,1
(a) vakṣastodaḥ,SP9Y,1
(a) vāk-saṅgaḥ,SK53,1
(a) vācālatā,SP9Y,1
"(a) vātakhuḍḍatā, (a) vātakaṇṭakaḥ",SP1Y,1
(a) vāmanatvam,SP9Y,1
(a) viḍ-bhedaḥ,SM37,1
(a) viṣādaḥ (a) dīnatā,SQ04,1
(a) vṛṣaṇākṣepaḥ,SN3Y,1
(a) vaṅkṣaṇānāhaḥ,SP4Y,1
(a) vyathā,SP9Y,1
(a) śirāsphūrtiḥ,SL7Y,1
(a) śukrakṣayaḥ,SN03,1
(a) śukrakṣayaḥ,SR4E,1
(a) śephastambhaḥ,SN07,1
(a) śaityam,SP9Y,1
(a) saṅkocaḥ,SP9Y,1
(a) śramaḥ,SP9Y,1
(a) stambhaḥ,SK52,1
(a) hanubhedaḥ,SP4Y,1
(a) hṛddravaḥ,SL62,1
(a) hṛnmohaḥ,SL60,1
(a) antarāyāmaḥ,SK30,1
(a) apatantrakaḥ,SK30,1
(a) apatānakaḥ,SK30,1
(a) arditaḥ,SK20,1
(a) asthiprabhedaḥ,SP0Y,1
(a) asthiśoṣaḥ,SP00,1
(a) vātāṣṭhīlā,SN08,1
(a) avabāhukaḥ,SP15,1
(a) ūrustambhaḥ,SK55,1
(a) asādhya-ūrustambhaḥ,SK55,1
(a) aṃsaśoṣaḥ,SP2Y,1
(a) ākṣepakaḥ,SK30,1
(a) ādhmānam,SM31,1
"(a) pratyādhmānaḥ, (a) pratyānāhaḥ",SM31,1
(a) bahirāyāmaḥ (a) bāhyāyāmaḥ (a) dhanuḥstambhaḥ,SK30,1
(a) asādhyadhanuṣkaṃpa,SK30,1
(a) ūrdhvavātaḥ,SM75,1
(a) ekāṅgavātaḥ,SK22,1
(a) kalāyakhañjaḥ,SK5Y,1
(a) kroṣṭukaśīrṣaḥ,SP10,1
(a) khañjaḥ (a) khañjatvam,SK2Y,1
(a) khallī,SP20,1
(a) gṛdhrasī,SP41,1
(a) jihvāstambhaḥ,SK22,1
(a) tūnī,SM83,1
(a) daṇḍāpatānakaḥ,SK30,1
(a) pakṣāghāta (a) pakṣavadhaḥ,SK22,1
(a) pādadāhaḥ,SP9Y,1
(a) pādaharṣaḥ,SP9Y,1
(a) pratitūnī,SM83,1
(a) paṅguḥ,SK21,1
(a) minminaḥ,SL21,1
(a) mūkatvam,SL07,1
(a) vātakaṇṭakam,SP40,1
(a) viśvācī,SK51,1
(a) kampaḥ,SK52,1
(a) sarvāṅgavātaḥ/(a) sarvāṅgarogaḥ,SK22,1
(a) sirāgrahaḥ,SL7Y,1
(a) hanugrahaḥ (a) hanusraṃsa,SK5Y,1
(a) āvaraṇa,SR20,1
(a) pittāvṛtavātaḥ,SR20,1
(a) kaphāvṛtavātaḥ,SR20,1
(a) pittāvṛtaprāṇavātaḥ,SR20,1
(a) kaphāvṛtaprāṇavātaḥ,SR20,1
(a) pittāvṛta-udānavātaḥ,SR20,1
(a) kaphāvṛta-udānavātaḥ,SR20,1
(a) pittāvṛta-samānavātaḥ,SR20,1
(a) kaphāvṛtasamānavātaḥ,SR20,1
(a) pittāvṛtavyānavātaḥ,SR20,1
(a) kaphāvṛtavyānavātaḥ,SR20,1
(a) pittāvṛta-apānavātaḥ,SR20,1
(a) kaphāvṛta-apānavātaḥ,SR20,1
(a) raktāvṛtavātaḥ,SR20,1
(a) māṃsāvṛtavātaḥ,SR20,1
(a) medasāvṛtavātaḥ,SR20,1
(a) asthyāvṛtavātaḥ,SR20,1
(a) majjāvṛtavātaḥ,SR20,1
(a) śukrāvṛtavātaḥ,SR20,1
sarvadhātvāvṛtavātaḥ,SR20,1
(a) malāvṛtavātaḥ,SR20,1
(a) mūtrāvṛtavātaḥ,SR20,1
(a) annāvṛtavātaḥ,SR20,1
(a) sandhigatavātaḥ,SP12,1
(a) pittasañcayaḥ,SR16,1
(a) pittavṛddhiḥ,SR17,1
(a) pittaprakopaḥ,SR15,1
(a) pittaprasaraḥ,SR18,1
pittakṣayaḥ,SR19,1
(a) akṣipākaḥ,SK7Y,1
(a) aṅga-durgandhaḥ,SN44,1
(a) aṅgāvadaraṇam,SP9Y,1
(a) atṛptiḥ,SM7Y,1
(a) antardāhaḥ,SM7Y,1
(a) amlakaḥ,SM3Y,1
(a) aṃsadāhaḥ,SP9Y,1
(a) āsyavipākaḥ (a) mukhpākaḥ,SM10,1
(a) ūṣmādhikyam,SP9Y,1
(a) oṣaḥ,SP9Y,1
"(a) tamapraveśaḥ, (a) tamaḥ-atidarśanam",SP98,1
(a) tvagdāhaḥ,SP9Y,1
(a) davaḥ,SP9Y,1
(a) davathuḥ,SP9Y,1
(a) dāhaḥ,SP9Y,1
"(a) dhūmakaḥ, (a) dhūmodgāraḥ",SP9Y,1
(a) pūtimukhatā,SM15,1
(a) ploṣaḥ,SP9Y,1
(a) māṃsakledaḥ,SP2Y,1
(a) māṃsadāhaḥ,SP9Y,1
(a) meḍhrapākaḥ,SN00,1
(a) raktamaṇḍalam,SN5Y,1
(a) vidāhaḥ,SP9Y,1
(a) carmadaraṇam (a) carmadalanam,SN9Y,1
(a) kaphasañcayaḥ,SR1B,1
(a) kaphavṛddhiḥ,SR1C,1
(a) kaphaprakopaḥ,SR1A,1
(a) kaphaprasaraḥ,SR1D,1
(a) kaphakṣayaḥ,SR1E,1
(a) apaktiḥ,SM3B,1
(a) ālasyam,SP96,1
(a) buddhimāndyam,SR0Y,1
"(a) kaṇṭhopalepaḥ, (a) mukhalepaḥ",SM1Y,1
(a) gurugātratā,SP9Y,1
(a) tandrā,SQ4Y,1
(a) tṛptiḥ,SM7Y,1
(a) dhamanīpraticayaḥ,SL72,1
(a) nidrādhikyam,SQ40,1
(a) mukhamādhuryam,SM1Y,1
(a) agnimāndyam,SM3B,1
(a) śleṣmodgiraṇam,SM7Y,1
(a) staimityam,SP9Y,1
(a) hṛdayopalepaḥ,SL6Y,1
(a) ghargharavākyatā,SK5Y,1
dhātuvaiṣamyam,SR40,1
(a) rasakṣayaḥ,SR42,1
(a) rasavṛddhiḥ,SR41,1
(a) raktakṣayaḥ,SR44,1
(a) raktavṛddhiḥ,SR43,1
(a) māṃsakṣayaḥ,SR46,1
(a) māṃsavṛddhiḥ,SR45,1
(a) medaḥkṣayaḥ,SR48,1
(a) medovṛddhiḥ,SP62,1
(a) asthikṣayaḥ,SR4A,1
(a) asthivṛddhiḥ,SR49,1
(a) majjākṣayaḥ,SR4C,1
(a) majjāvṛddhiḥ,SR4B,1
(a) śukravṛddhiḥ (a) śukrādhikyam,SR4D,1
(a) ārtavakṣayaḥ,SR4K,1
(a) ārtavavṛddhiḥ,SR4J,1
(a) stanyakṣayaḥ,SN10,1
(a) stanyavṛddhiḥ,SR4L,1
(a) ojovaiṣamyam,SP93,1
(a) ojaḥkṣayaḥ,SR4F,1
(a) ojovisraṃsaḥ,SR4H,1
(a) ojovyāpat,SR4G,1
(a) rājayakṣmā,SP5B,1
(a) svedavṛddhiḥ,SN45,1
mūtrakṣayaḥ,SR83,1
(a) mūtravṛddhiḥ,SR82,1
(a) purīṣakṣayaḥ,SR81,1
(a) purīṣavṛddhiḥ,SR80,1
(a) sāmamalaḥ,SR86,1
(a) svedakṣayaḥ,SR85,1
(a) agnivaiṣamyam,SS10,1
(a) āmadoṣaḥ (a) āmavasthā,SS15,1
"(a) mandāgniḥ, (a) agnisādaḥ",SS13,1
(a) viṣamāgniḥ,SS11,1
(a) tīkṣṇāgniḥ,SS12,1
"(a) atyagniḥ, (a) bhasmakaḥ",SS14,1
(a) srotovaiṣamyam,SR5Z,1
(a) prāṇavahasrotoduṣṭiḥ,SR57,1
(a) hikkā,SM74,1
(a) mahatīhikkā (a) gambhīrāhikkā,SM74,1
(a) gambhīrāhikkā,SM74,1
"(a) vyapetāhikkā, (a) yamalāhikkā",SM74,1
(a) kṣudrā hikkā,SM74,1
(a) kāsaḥ,SL41,1
(a) śvāsaḥ,SL42,1
(a) tamakaśvāsaḥ,SL40,1
(a)pratamakaśvāsaḥ,SL40,1
(a)santamakaśvāsaḥ,SL40,1
(a) svarabhedaḥ,SL03,1
(a) annavahasrotoduṣṭiḥ,SR59,1
(a) atisāraḥ,SM37,1
(a) ajīrṇam,SM3B,1
(a) visūcikā,SM76,1
(a) vilambikā,SM34,1
(a) alasaka,SM3C,1
(a) amlapittam,SM39,1
(a) ūrdhvagata-amlapittam (a) ūrdhvaga-amlapittam,SM39,1
(a) adhōga-amlapittam (a) adhogata-amlapittam,SM39,1
(a) arocakaḥ,SM71,1
(a) chardiḥ,SM3L,1
(a) vātaja-chardiḥ,SM3J,1
(a) grahaṇīl,SM36,1
(a) gulmaḥ,SM3K,1
(a) pravāhikā,SM38,1
(a) raktaja-pravāhikā,SM72,1
(a) śūlaḥ,SM33,1
(a) vātapaittikaśūlaḥ,SM3F,1
(a) pariṇāmaśūlaḥ,SM3D,1
(a) annadravaśūlaḥ,SM3E,1
(a) pārśvarujaḥ (a) pārśvaśūlaḥ,SM70,1
(a) udāvartaḥ,SM35,1
(a) parikartikā,SM51,1
(a) purīṣavahasrotoduṣṭiḥ,SR5A,1
(a) hṛdrogaḥ,SL61,1
(a) jvara,SP51,1
(a) vātikajvaraḥ,SP54,1
(a) paittikajvaraḥ,SP53,1
(a) kaphajajvaraḥ,SP52,1
(a) kaphavātajajvaraḥ,SP5Y,1
(a) vātapittajajvaraḥ,SP5Y,1
(a) kaphapittajajvaraḥ,SP5Y,1
(a) sannipātajajvaraḥ,SP5Y,1
(a) āgantujvaraḥ,SP59,1
(a) viṣamajvaraḥ,SP57,1
(a) satata-viṣamajvaraḥ,SP57,1
(a) santata,SP58,1
(a) anyedyuṣka-viṣamajvaraḥ,SP57,1
(a) tṛtīyaka-viṣamajvaraḥ,SP57,1
(a) kaphapittatṛtīyakajvaraḥ,SP57,1
(a) vātakaphatṛtīyakajvaraḥ,SP57,1
(a) vātapittatṛtīyakajvaraḥ,SP57,1
(a) caturthaka-viṣamajvaraḥ,SP57,1
(a) vātajacaturthakajvaraḥ,SP57,1
(a) kaphajacaturthakajvaraḥ,SP57,1
(a) caturthakaviparyaya-viṣamajvaraḥ,SP57,1
(a) dhātugatajvaraḥ,SP57,1
(a) stanyaduṣṭiḥ,SN11,1
(a) stanyavahasrotoduṣṭiḥ,SR5D,1
(a) pāṇḍurogaḥ,SL80,1
(a) āmavātaḥ,SP11,1
(a) raktavahasrotoduṣṭiḥ,SR51,1
(a) kaṇḍūḥ,SP99,1
(a) piḍakā,SN92,1
(a) buddhisaṁmōhaḥ,SQ01,1
(a) kāmalā,SM41,1
(a) koṣṭhāśrita-kāmalā,SM41,1
(a) kumbhakāmalā,SM41,1
(a) śākhāśrita-kāmalā,SM41,1
(a) lakharaka,SM41,1
(a) halīmaka,SM41,1
"(a) kapālaḥ, (a) aruṇa-kuṣṭhaḥ, (a) vātikakuṣṭhaḥ",SN49,1
"(a) udumbara-kuṣṭhaḥ, (a) paittika-kuṣṭhaḥ",SN49,1
"(a) maṇḍalakuṣṭhaḥ, (a) kaphajakuṣṭhaḥ",SN49,1
(a) ṛṣyajihvakaḥ,SN49,1
(a) puṇḍarīkaḥ,SN49,1
(a) sidhmaḥ,SN4A,1
(a) ekakuṣṭhaḥ,SN4B,1
(a) carmakuṣṭhaḥ,SN5Y,1
(a) kiṭibhaḥ,SN4A,1
(a) vipādikā,SN9Y,1
(a) dadru-kuṣṭhaḥ,SN4U,1
(a) carmadala-kuṣṭhaḥ,SN5Y,1
(a) pāmā (kacchū),SN46,1
(a) śatāru-kuṣṭhaḥ,SN5Y,1
(a) vicarcikā,SN43,1
(a) sthūlāruṣka,SN5Y,1
(a) dhātugatakuṣṭhaḥ,SN49,1
(a) śvitraḥ,SN4D,1
(a) raktapittam,SL81,1
(a) vātaraktam,SP11,1
(a) vātajavātaraktam,SP11,1
(a) pittaja-vātaraktam,SP14,1
(a) gudajavidradhi,SM56,1
(a) vr̥kkajavidradhiḥ,SM80,1
(a) yakr̥jjavidradhiḥ,SM40,1
(a) visarpaḥ,SN5Y,1
(a) phiraṅgaroga,SN31,1
(a) plīhavruddhi (a) plīharogaḥ,SM44,1
(a) ślīpadaḥ,SM01,1
(a) bhagandaraḥ,SM52,1
(a) śoṇitakledaḥ,SL8Y,1
(a) snāyukarogaḥ,SN47,1
(a) marmābhighātajadāhaḥ,SM01,1
(a) māṃsavahasrotoduṣṭiḥ,SR52,1
(a) arbudaḥ,SP72,1
(a) arśaḥ,SM53,1
(a) vātaja-arśaḥ (a) śuṣka-arśaḥ,SM53,1
(a) pittaja-arśaḥ,SM53,1
(a) kaphaja-arśaḥ,SM53,1
(a) raktaja-arśaḥ (a) ārdra-arśaḥ,SM53,1
(a) sahaja-arśaḥ,SM53,1
(a) nābhija-arśaḥ,SM7Y,1
(a) meḍhraja-arśaḥ,SN06,1
(a) netraja-arśaḥ,SK6S,1
(a) granthi,SP71,1
(a) medojagranthi,SP70,1
(a) sirāgranthiḥ,SL70,1
(a) medovahasrotoduṣṭiḥ,SR53,1
(a) pramehaḥ,SM8D,1
(a) kaphajapramehaḥ,SM8D,1
(a) udakamehaḥ,SM8D,1
(a) ikṣuvālikāmehaḥ,SM8D,1
(a) sāndramehaḥ,SM8D,1
(a) sāndraprasādamehaḥ,SM8D,1
(a) śuklamehaḥ,SM8D,1
(a) śukramehaḥ,SM8D,1
(a) śītamehaḥ,SM8D,1
(a) śanairmehaḥ,SM8D,1
(a) sikatāmehaḥ,SM8D,1
(a) lālāmehaḥ,SM8D,1
(a) surāmehaḥ,SM8D,1
(a) lavaṇamehaḥ,SM8D,1
(a) piṣṭamehaḥ,SM8D,1
(a) phenamehaḥ,SM8D,1
(a) pittaja-pramehaḥ,SM8D,1
(a) kṣāramehaḥ,SM8D,1
"(a) kālamehaḥ, (a) kṛṣṇamehaḥ",SM8D,1
(a) nīlamehaḥ,SM8D,1
(a) lohitamehaḥ,SM8A,1
(a) mañjiṣṭhāmehaḥ,SM8D,1
(a) hāridramehaḥ,SM8D,1
(a) amlamehaḥ,SM8D,1
(a) vātajapramehaḥ,SM8D,1
(a) vasāmehaḥ,SM8D,1
(a) majjāmehaḥ,SM8D,1
(a) hastimehaḥ,SM8D,1
(a) madhumehaḥ (a) kṣaudramehaḥ,SP60,1
(a) sarpirmehaḥ,SM8D,1
(a) prameha-piḍakā,SN92,1
(a) sarṣapikā,SN04,1
(a) medorogaḥ / atisthaulyam,SP64,1
(a) svedavahasrotoduṣṭiḥ,SR5C,1
(a) asthivahasrotoduṣṭiḥ,SR54,1
(a) adhyasthiḥ,SP0Y,1
(a) majjāvahasrotoduṣṭiḥ,SR55,1
(a) majjāparipākaḥ,SP0Y,1
(a) śukravahasrotoduṣṭiḥ,SR56,1
(a) klaibyam,SN02,1
(a) śūkarogaḥ,SN00,1
(a) vidradhiḥ,SP90,1
(a) upadaṃśaḥ,SN30,1
(a) vṛddhiḥ,SN01,1
(a) vātaja-vṛddhiḥ,SN3Y,1
(a) pittaja-vṛddhiḥ,SN3Y,1
(a) kaphaja-vṛddhiḥ,SN3Y,1
(a) raktaja-vṛddhiḥ,SN0Y,1
(a) medoja-vṛddhiḥ,SN0Y,1
(a) mūtraja-vṛddhiḥ,SN0Y,1
(a) antra-vṛddhiḥ,SM3G,1
(a) aṇḍa-vṛddhiḥ,SN0Y,1
(a) mūtravahasrotoduṣṭiḥ,SR5B,1
(a) aśmarī,SM8C,1
(a) vātaja-aśmarī,SM8C,1
(a) pittaja-aśmarī,SM8C,1
(a) kaphaja-aśmarī,SM8C,1
(a) śukrāśmarī,SM8C,1
(a) mūtrāghātaḥ,SM82,1
(a) mūtraukasādaḥ,SM89,1
(a) mūtrajaṭharaḥ,SM82,1
(a) mūtrotsaṅgaḥ,SM88,1
(a) mūtrasaṃkṣayaḥ,SM8E,1
(a) mūtrātītaḥ,SM88,1
(a) vātabastiḥ,SM8B,1
(a) uṣṇavātaḥ (a) uṣṇamāruta,SM87,1
(a) vātakuṇḍalikā,SM88,1
"(a) mūtragranthiḥ, (a) raktagranthiḥ",SM8Y,1
(a) mūtraśukraḥ,SN09,1
(a) viḍ-vighātaḥ,SM52,1
(a) bastikuṇḍalaḥ,SM82,1
(a) mūtrakṛcchram,SM87,1
"(a) ambuvahasrotoduṣṭiḥ, (a) udakavahasrotoduṣṭiḥ",SR58,1
(a) tṛṣṇā,SP63,1
"(a) śvayathuḥ/śothaḥ /(a) śophaḥ (a) śvayathuḥ , (a) śothaḥ",SP92,1
(a) sarvasara-śōthaḥ,SP91,1
"(a) udara (a) udararogaḥ, (a) jalodaraḥ",SM32,1
(a) vātaja-udararogaḥ,SM32,1
(a) pittaja-udararogaḥ,SM32,1
(a) kaphaja-udararogaḥ,SM32,1
(a) sannipātōdaraḥ-udararogaḥ,SM32,1
(a) yakṛddālyudaraḥ,SM42,1
(a) baddhagudodaraḥ,SM32,1
"(a) chidrodaraḥ, (a) kṣatodaram (a) kṣatodaraḥ",SM32,1
(a) ajātodakaḥ,SM32,1
(a) acaraṇā,SM9Y,1
(a) atyānandā,SM9Y,1
(a) antarmukhī,SM94,1
(a) arajaskā (a) rajonāśaḥ / naṣṭārtava / anārtava,SM90,1
(a) udāvartinī,SM96,1
(a) jātaghnī,SN12,1
(a) lohitakṣayā,SM97,1
(a) viplutā,SM9B,1
(a) karṇinī,SM91,1
"(a) prasraṃsiṇī, (a) prasrāviṇī",SM9A,1
"(a) phalinī, (a) aṇḍalī",SM9A,1
(a) mahāyoniḥ (a) vivṛtā,SM9A,1
(a) vāminī,SM94,1
(a) vandhyā,SM94,1
"(a) ṣaṇḍhī, (a) khaṇḍitā",SM94,1
"(a) sūcīmukhi, (a) sūcīvaktrā",SM9Y,1
(a) yonikandaḥ,SM92,1
(a) yoni-arśaḥ,SM99,1
(a) asṛgdaraḥ (a) Raktapradar,SM98,1
(a) śvetapradaraḥ,SM93,1
(a) sūtikārogaḥ,SN1Y,1
(a) makkallaḥ,SM9C,1
(a) manovahasrotoduṣṭiḥ,SR5E,1
(a) unmādaḥ,SQ03,1
(a) pittaja-unmādaḥ,SQ41,1
(a) kaphaja-unmādaḥ,SQ04,1
(a) apasmāraḥ,SK31,1
"(a) atattvābhiniveśaḥ, (a) mahāgadaḥ",SQ0Y,1
(a) madātyayaḥ (a) pānātyayaḥ,SQ20,1
(a) madaḥ,SQ2Y,1
(a) mūrcchā,SP98,1
(a) vataja mūrcchā,SP98,1
(a) pittaja mūrcchā,SP98,1
(a) kaphaja mūrcchā,SP98,1
(a) sannipataja mūrcchā,SP98,1
(a) raktaka mūrcchā,SP98,1
(a) madyaja mūrcchā,SP98,1
(a) vishaja mūrcchā,SP98,1
(a) glanija mūrcchā,SP98,1
(a) mana-santāpaḥ,SQ10,1
(a) bhramaḥ,SK10,1
(a) śiraḥśūla(a) śiroruk,SK00,1
(a) kṛmija-śirorogaḥ,SK00,1
(a) anantavātaḥ,SK00,1
(a) ardhāvabhedakaḥ,SK01,1
(a) sūryāvartaḥ,SK00,1
(a) śaṅkhakaḥ,SK00,1
(a) śiraḥkampaḥ,SK52,1
(a) kṣayajaśirorogaḥ,SK00,1
(a) kapāla-rogaḥ,SK50,1
(a) akālapalitaḥ,SN73,1
(a) khālityam,SN71,1
(a) dāruṇakaḥ,SN91,1
(a) kapālarbudaḥ,SK50,1
(a) kapālavidradhiḥ,SP9Y,1
(a) vātaja-oṣṭhaprakopaḥ,SM1M,1
(a) pittaja-ōṣṭhaprakōpaḥ,SM1K,1
(a) kaphaja-ōṣṭhaprakōpaḥ,SM1L,1
(a) kṣataja-ōṣṭhaprakōpaḥ (a) abhighātaja-oṣṭhaprakopaḥ,SM1K,1
(a) jalārbudaḥ,SM1Y,1
(a) śītādaḥ,SM1Y,1
(a) dantapuppuṭaḥ,SM1Y,1
(a) dantaveṣṭakaḥ,SM13,1
(a) śauṣiraḥ,SM11,1
(a) mahāśauṣiraḥ,SM11,1
(a) paridaraḥ,SM1B,1
(a) upakuśaḥ,SM14,1
"(a) vardhanaḥ, (a) adhidantaḥ",SM1Y,1
(a) adhimāṃsaḥ,SM1Y,1
(a) karālaḥ,SM1Y,1
(a) dantanāḍī,SM1E,1
(a) dālanaḥ,SM1A,1
(a) kṛmidantakaḥ,SM1E,1
(a) dantaharṣaḥ,SM1J,1
(a) dantaśarkarā,SM1F,1
(a) kapālikā,SM1E,1
(a) śyāvadantakaḥ,SM1G,1
(a) dantacālaḥ,SM1H,1
(a) dantavidradhiḥ,SM11,1
(a) alāsaḥ,SM1Y,1
(a) upajihvikā,SM1C,1
(a) adhijihvā,SP9Y,1
(a) galaśuṇḍikā,SM18,1
(a) galagrahaḥ,SM19,1
(a) tuṇḍikerī,SL06,1
(a) adhruṣaḥ,SM17,1
"(a) kacchapaḥ, (a) kacchapī",SM1Y,1
(a) tālu-arbudaḥ,SM1Y,1
"(a) māṃsasaṅghātaḥ, (a) tālusaṃhatiḥ",SM1Y,1
(a) tālupuppuṭaḥ,SM1Y,1
"(a) tālupākaḥ, (a) tāluśothaḥ",SP9Y,1
"(a) tālupiḍakā, (a) tālupiṭikā",SM1Y,1
(a) tāluvidradhiḥ,SP9Y,1
(a) rohiṇī,SL04,1
(a) kaṇṭhaśālūkaḥ,SK9A,1
(a) valayaḥ,SL00,1
(a) balāsaḥ,SL05,1
(a) śataghnī,SL01,1
galavidradhiḥ,SL0Y,1
(a) galaughaḥ,SL05,1
(a) svaraghnam,SL03,1
(a) māṃsatānaḥ,SL00,1
(a) kaṇṭhagata-vidārī,SL0Y,1
(a) apacī,SM00,1
(a) galārbudaḥ,SL00,1
(a) gaṇḍālajī,SL2Y,1
(a) gaṇḍamālā,SL08,1
(a) asādhya gaṇḍamālā,SL08,1
(a) galagaṇḍaḥ,SL0Y,1
(a) sarvasara mukharogaḥ,SM1Y,1
(a) pūyālasaḥ,SK68,1
(a) upanāhaḥ,SK7Y,1
(a) srāvaḥ,SK6D,1
(a) parvaṇikā,SK66,1
(a) alajī,SK7Y,1
(a) kṛmigranthiḥ,SK62,1
(a) utsaṅginī,SK7Y,1
(a) kumbhīkā,SK69,1
(a) pothakī,SK6U,1
(a) arśovartma,SK6U,1
(a) añjananāmikā,SK6P,1
(a) bahalavartma,SK7Y,1
(a) vartmāvabandhakaḥ,SK62,1
(a) vartmakardamaḥ,SK7Y,1
(a) kliṣṭavartma,SK7Y,1
(a) śyāvavartma,SK6K,1
(a) praklinnavartma (a) kaphotkliṣṭa-vartma,SK66,1
(a) apariklinnavartma,SK66,1
(a) vātahata-vartma,SK7Y,1
(a) vartmārbudaḥ,SK6F,1
(a) nimeṣaḥ,SK6J,1
(a) vartmagata-raktārśaḥ,SK6H,1
(a) lagaṇaḥ,SK6N,1
(a) kuñcanaḥ,SK7Y,1
(a) pittottkliṣṭaḥ,SK7Y,1
(a) utkliṣṭavartma,SK7Y,1
(a) śliṣṭa-vartma,SK6M,1
(a) sikatā-vartma (a) vartmaśarkarā,SK7Y,1
(a) pakṣmakopaḥ (a) Pakṣmoparodhaḥ,SK6E,1
(a) pakṣmaśātaḥ,SK6Q,1
(a) prastāri-arma,SK6C,1
(a) śuklārma,SK6C,1
(a) lohitārma (a) kṣatārma,SK6C,1
(a) adhimāṃsajārma,SK7Y,1
(a) snāyvarma,SK66,1
(a) piṣṭakaḥ,SK7Y,1
(a) sirājapiḍakā (a) sirāpiḍakā,SK6T,1
(a) kṛṣṇagatarogaḥ,SK67,1
(a) savraṇaśukraḥ,SK67,1
(a) avraṇaśukraḥ,SK6V,1
(a) pākātyayaḥ,SK67,1
(a) ajakājājta (a) ajakā,SK61,1
(a) sirāśukraḥ,SK7Y,1
(a) abhiṣyandaḥ,SK66,1
(a) saśophapākaḥ,SK6W,1
(a) aśophapākaḥ,SK6R,1
(a) hatādhimanthaḥ,SK6X,1
(a) vātaparyāyaḥ,SK7Y,1
(a) śuṣkākṣipākaḥ,SK6A,1
(a) anyatovātaḥ,SK7Y,1
(a) amlādhyuṣitaḥ (a) amloṣita,SK7Y,1
(a) sirotpātaḥ,SK60,1
(a) sirāpraharṣaḥ (a) Sirāharṣaḥ,SK60,1
(a) timiraḥ,SK65,1
(a) kācaḥ,SK65,1
(a) ślaiṣmika-kācaḥ,SK65,1
(a) sānnipātika-kācaḥ,SK65,1
(a) liṅganāśaḥ,SK7Y,1
(a) pittavidagdhadṛṣṭi (a) divāndhyam,SK63,1
(a) rātryāndhyam (a) kaphavidagdhadṛṣṭi,SK64,1
(a) uṣṇavidagdhadṛṣṭiḥ (a) vidagdhoṣṇaḥ (a) vidagdhoṣṇaḥ,SK7Y,1
(a) dhūmadarśī (a) dhūmaraḥ,SK7Y,1
(a) hrasvajāḍyam,SK7Y,1
(a) nakulāndhyam,SK7Y,1
(a) gambhīrā-dṛṣṭiḥ,SK7Y,1
(a) vidagdhāmladṛṣṭiḥ,SK7Y,1
(a) pratiśyāyaḥ (a) pīnasaḥ,SK95,1
(a) kṣavathuḥ,SL20,1
(a) nāsāśoṣaḥ,SK93,1
(a) nāsānāhaḥ (a) pratīnāhaḥ,SK97,1
(a) ghrāṇasrāvaḥ (a) nāsāsrāvaḥ,SK96,1
(a) apīnasaḥ,SK95,1
(a) ghrāṇapākaḥ (a) nāsāpākaḥ,SK95,1
(a) nāsāśvayathuḥ,SK9Y,1
(a) nāsārbudaḥ,SK9Y,1
(a) pūyaraktam (a) pūyaśoṇitam,SK95,1
(a) pūtināsā,SK98,1
(a) dīptaḥ,SK9Y,1
(a) bhraṃśathuḥ,SK96,1
(a) nāsāgata-raktapittam,SK90,1
(a) nāsārśaḥ,SK94,1
(a) puṭakaḥ,SK92,1
(a) bhṛśakṣavaḥ,SL20,1
(a) vātajakarṇarogaḥ (a) vātajakarṇaśūla,SK8Y,1
(a) pittajakarṇarogaḥ,SK8Y,1
(a) kaphajakarṇarogaḥ,SK8Y,1
(a) sānnipātajakarṇarogaḥ (a) sannipātika-karṇaśūlaḥ,SK8Y,1
(a) raktajakarṇarogaḥ (a) raktajakarṇaśūla,SK8Y,1
(a) karṇa-kaṇḍū,SK83,1
(a) karṇa-kṣveḍaḥ,SK86,1
(a) karṇa-gūthakaḥ,SK85,1
(a) karṇa-nādaḥ (a) aśabdaśravaṇam,SK86,1
(a) karṇapākaḥ,SK88,1
(a) karṇa-pratināhaḥ,SK8Y,1
(a) karṇa-vidradhiḥ,SK80,1
(a) karṇa-śophaḥ (a) karṇaśothaḥ,SK88,1
(a) karṇa-srāvaḥ,SK82,1
(a) karṇārbudaḥ,SK8Y,1
(a) karṇārśaḥ,SK8Y,1
(a) kṛmikarṇakaḥ,SK8Y,1
(a) pūtikarṇaḥ,SK88,1
(a) bādhiryam,SK81,1
(a) karṇaśūlaḥ,SK87,1
(a) utpātaḥ,SK8Y,1
(a) paripoṭakaḥ,SK8Y,1
(a) Parilehi,SK89,1
(a) tantrikaḥ,SK8Y,1
(a) vraṇaḥ,SN4W,1
(a) vraṇaśophaḥ,SP5A,1
(a) nijavraṇaḥ,SN9Y,1
(a) vraṇa-upadravaḥ,SN9Y,1
(a)sirāgatavraṇaḥ,SL71,1
(a) nāḍīvraṇaḥ,SN9Y,1
(a) marmaviddhaḥ,ST20,1
(a) āmaśophachedaḥ,SN9Y,1
(a) nāḍīkalpana-vyāpat,SN1Y,1
(a) Skanda Apasmara,SR03,1
(a) dantodgamaḥ (a) dantotbhedaḥ,SM1Y,1
(a) dantaghātaḥ,SM12,1
"(a) ahipūtanā, (a) ahipūtanakaḥ",SN5Y,1
(a) mukhasrāvaḥ (a) praseka,SM16,1
(a) gudapākaḥ (a) gudakuṭṭanam,SM54,1
(a) tālukaṇṭakaḥ,SK50,1
(a) vicchinnaḥ,SK9A,1
(a) pārigarbhikaḥ,SR05,1
(a) daurbalyam,SP9A,1
(a) kumāraśoṣaḥ,SR00,1
(a) śayyāmūtratvam,SR01,1
(a) kukūṇakaḥ,SR04,1
(a) mahāpadmaḥ,SN5Y,1
(a) phakka-rogaḥ,SR0Y,1
(a) kṣīrālasakaḥ,SM73,1
(a) hṛdayaruk,SM0Y,1
(a) guhyaruk,SN3Y,1
(a) kṛmiḥ (a) sañjātakṛmi,SQ50,1
(a) udarāveṣṭaḥ,SM3Y,1
(a) purīṣajakṛmiḥ,SQ50,1
(a) ajagallikā,SN5Y,1
(a) anuśayī,SP9Y,1
"(a) andhālajī, (a) antrālajī",SN5Y,1
(a) avapīḍakaḥ,SN0Y,1
(a) alasaḥ,SN48,1
(a) arūṃṣikā,SN70,1
(a) indraviddhā,SN5Y,1
(a) utkoṭhaḥ,SN5Y,1
(a) koṭhaḥ,SN4L,1
(a) irivellikā,SN5Y,1
(a) kakṣāḥ,SN4T,1
(a) kacchapikā,SN9Y,1
(a) kadaraḥ,SN9Y,1
(a) kunakhaḥ,SN6Y,1
"(a) gandhanāmā, (a) gandhamālā",SN5Y,1
(a) gardabhikā,SN5Y,1
(a) gudabhraṃśaḥ,SM55,1
(a) carmakīlaḥ,SN4S,1
"(a) cipyam, (a) akṣatā, (a) upanakha",SN6Y,1
(a) jatumaṇiḥ,SN4F,1
(a) jālagardabhaḥ,SM0Y,1
(a) tilakaḥ (a) tilakālaka,SN4E,1
(a) nyacchaḥ,SN5Y,1
(a) niruddhaprakaśaḥ,SN0A,1
(a) nīlikā,SN41,1
(a) prasuptiḥ,SK54,1
(a) padminīkaṇṭakaḥ,SN5Y,1
(a) parivartikā,SN0A,1
(a) pāṣāṇagardabhaḥ,SM1D,1
(a) yavaprakhyā,SN5Y,1
(a) yuvānapiḍakā,SN4V,1
(a) rājikā,SN4N,1
(a) lāñchanam,SN5Y,1
(a) rakasā,SN40,1
(a) indraluptaḥ,SN90,1
(a) varāhadaṃṣṭrakaḥ,SN5Y,1
(a) valmīkaḥ,SN5Y,1
(a) vyaṅgaḥ,SN4G,1
(a) vidārikā,SP9Y,1
(a) vivṛtā,SN5Y,1
(a) viddhā,SN5Y,1
(a) visphoṭakaḥ,SN4P,1
(a) vṛṣaṇakacchūḥ,SN40,1
(a) śarkarārbudaḥ,SP71,1
(a) sanniruddhagudaḥ,SM5Y,1
(a) śyāvapiṇḍikā,SN5Y,1
(a) utkleśaḥ,SM3H,1
(a) glāniḥ,SP9Y,1
(a) sthāvaraviṣaḥ,SQ6Y,1
(a) dhātu-viṣaḥ,SQ6Y,1
(a) jaṅgamaviṣaḥ,SQ6Y,1
(a) śaṅkhaviṣaḥ,SQ60,1
(a) garaviṣaḥ,SQ61,1
(a) hīnamātrāhāraḥ,SQ80,1
"(a) atimātrāhāraḥ, (a) āhārātiyogaḥ",SQ2Y,1
"(a) viruddhānnabhojanam, (a) viruddhāhāraḥ",SQ2Y,1
(a) jāṅgalamāṃsātyupayogaḥ,SQ2Y,1
"(a) uṣṇavīrya-dravyātiyogaḥ, (a) āgneya-dravyātiyogaḥ",SQ2Y,1
(a) navaguḍa-atyupayogaḥ,SQ2Y,1
(a) śālidhānya-atiyogaḥ,SQ2Y,1
(a) tailasevana-atiyogaḥ,SQ2Y,1
(a) dadhi-mithyopayogaḥ,SQ2Y,1
(a) rasātiyogaḥ,SQ2Y,1
(a) vihāravaiṣamyam,SQ8Y,1
(a) nidrānāśaḥ (a) asvapnaḥ,SQ24,1
(a) akālaśayanam,SQ2Y,1
(a) divāsvapna-upadravaḥ,SQ2Y,1
(a) ṛtucaryā-vaiṣamyam,SQ8Y,1
(a) ṛtu-apacāraḥ,SQ8Y,1
(a) adhovātavegāvarodhaḥ,SS2E,1
(a) aśruvegarodhaḥ,SS28,1
(a) chardivegarodhaḥ,SS29,1
(a) jṛmbhāvegarodhaḥ,SS21,1
(a) kṣavathuvegarodhaḥ,SS27,1
(a) mūtravegarodhaḥ,SS25,1
(a) nidrāvegarodhaḥ,SS26,1
(a) purīṣavegarodhaḥ,SS2A,1
(a) śramaśvāsavegarodhaḥ,SS2B,1
(a) śukravegarodhaḥ,SS23,1
(a) tṛṣṇāvegarodhaḥ,SS2D,1
(a) kṣudvegarodhaḥ,SS2C,1
"(a) vyavāyamithyāyogaḥ, (a) mithyāvyavāya",SN3Y,1
(a) vyavāyātiyogaḥ,SN3Y,1
(a) vyāyāma-vaiṣamyam,SQ8Y,1
"(a) ativyāyāmaḥ, (a) vyāyāmātiyogaḥ",SQ8Y,1
(a) avyāyāmaḥ,SQ8Y,1
(a) vātaprakr̥tiḥ,SS50,1
(a) pittaprakr̥tiḥ,SS51,1
(a) kaphaprakr̥tiḥ,SS52,1
(a) vātapittaprakr̥tiḥ,SS53,1
(a) pittakaphaprakr̥tiḥ,SS54,1
(a) kaphavātaprakr̥tiḥ,SS55,1
"(a) tridōṣajaprakr̥tiḥ, (a) samaprakr̥tiḥ",SS56,1
(a) brahmakāyaḥ (a) brāhmasattvaṃ,SS60,1
(a) māhēndrakāyaḥ (a) aindrasattvaṃ,SS60,1
(a) vāruṇakāyaḥ (a) vāruṇasattvaṃ,SS60,1
(a) kaubērakāyaḥ (a) kauberasattvaṃ,SS60,1
(a) gandharvakāyaḥ (a) gāndharvasattvaṃ,SS60,1
(a) yāmyakāyaḥ (a) yāmyasattvaṃ,SS60,1
"(a) r̥ṣikāyaḥ (a) ṛṣisattvaṃ, (a) ārṣasattvaṃ",SS60,1
(a) rājasikakāya,SS61,1
(a) āsurakāyaḥ (a) āsurasattvaṃ,SS61,1
(a) sarpakāyaḥ (a) sarpasattvaṃ,SS61,1
(a) śākunikāyaḥ (a) śākunasattvaṃ,SS61,1
(a) rākṣasakāyaḥ/(a) rākṣasasattvaṃ,SS61,1
(a) paiśācakāyaḥ/(a) paiśācasasattvaṃ,SS61,1
(a) prētakāyaḥ/(a) pretasattvaṃ,SS61,1
(a) tāmasikakāya,SS62,1
(a) pāśavakāyaḥ (a) pāśavasattvaṃ,SS62,1
(a) matsyakāyaḥ (a) mātsyasattvaṃ,SS62,1
(a) vānaspatyakāyaḥ,SS62,1
(a) grīvāhuṇḍanam,SK52,1
(a) vibandha (a) malavibandha,SM34,1
