namc_code,true_tm2_code,algorithm,top1_pred,top1_score,top1_tag,top2_pred,top2_score,top2_tag,top3_pred,top3_score,top3_tag,top4_pred,top4_score,top4_tag,top5_pred,top5_score,top5_tag
AAA-2.1,SR10,HYBRID+DICT,SR10,1.1999999960542296,Equivalent,SR12,0.5997860035456211,Related,SM33,0.5960133215662105,Related,SK55,0.5272903633934767,Related,SM3Y,0.5121069766566619,Related
AAB-2,SQ05,HYBRID+DICT,SQ05,1.1999999962762264,Equivalent,SR11,0.5270205554321827,Related,SR14,0.5139760037262755,Related,SR13,0.49794624506144824,Related,SR10,0.48359029393858033,Related
AAB-3,SP9Y,HYBRID+DICT,SP9Y,0.8869677436847163,Equivalent,SN4W,0.49999999876246387,Related,SR1W,0.4638460717575024,Related,SS56,0.4397157189034207,Related,SK6P,0.425777997471722,Related
AAB-7,SM1P,HYBRID+DICT,SM1P,0.9884915438942332,Equivalent,SR4L,0.840336283838886,Equivalent,SR4M,0.668363084864426,Narrower,SM15,0.5786809517841527,Related,SM71,0.5474903220221548,Related
AAB-40,SP1Y,HYBRID+DICT,SP1Y,0.8383859202110906,Equivalent,SN4W,0.49999999874019985,Related,SQ21,0.48255502912626197,Related,SQ60,0.4755148968475426,Related,SN4F,0.47525103080347697,Related
AAB-46,SK30,HYBRID+DICT,SK30,1.0585348119420182,Equivalent,SM13,0.4999999985674921,Related,SN4F,0.44939223186322175,Related,SK53,0.43113855814359464,Related,SN60,0.42768903962120075,Related
AAB-48,SM1Y,HYBRID+DICT,SM1Y,0.8827270321422991,Equivalent,SQ21,0.4999999989153084,Related,SQ03,0.43958926783031094,Related,SQ02,0.4146714228233599,Related,SR00,0.3969067477351944,Weak
AAB-49,SN60,HYBRID+DICT,SN60,1.199999996768247,Equivalent,SN41,0.415002577105072,Related,SR20,0.41031110036877644,Related,SR15,0.3988665710411488,Weak,SR40,0.3834698900384612,Weak
AAB-50,SN7Y,HYBRID+DICT,SN7Y,1.0591752562860903,Equivalent,SN4W,0.4999999987204159,Related,SQ02,0.476237276198582,Related,SS50,0.46626660976960005,Related,SP95,0.46470431243057103,Related
AAB-54,SK5Y,HYBRID+DICT,SK5Y,1.0200192482362858,Equivalent,SN4W,0.4999999986583062,Related,SN4R,0.4652860282778571,Related,SR00,0.4651057732350482,Related,SM15,0.4627794915401643,Related
AAB-64,SP4Y,HYBRID+DICT,SP4Y,0.7090065936999648,Equivalent,SR00,0.4999999987864494,Related,SN4W,0.497620271039026,Related,SQ02,0.42672775503877614,Related,SS16,0.41847482058475644,Related
AAB-66,SP9Y,HYBRID+DICT,SP9Y,0.735473373656766,Equivalent,SM37,0.6856002341940487,Narrower,SQ02,0.49999999865214134,Related,SN4W,0.4984508287346891,Related,SK53,0.4674352949312556,Related
AAB-74,SM1N,HYBRID+DICT,SM1N,1.0742789495360807,Equivalent,SN42,0.8701828130247714,Equivalent,SR1A,0.7502044266860075,Narrower,ST11,0.693933856576475,Narrower,SM15,0.6349372504104349,Narrower
AAB-80,SP1Y,HYBRID+DICT,SP1Y,0.82657280897193,Equivalent,SM51,0.49999999851400373,Related,SS56,0.4931683302785803,Related,SK6E,0.4866478607355783,Related,SR66,0.48013908273303446,Related
AAB-86,SP9Y,HYBRID+DICT,SP9Y,0.7711057246787199,Equivalent,SR11,0.4999999989447408,Related,SR13,0.4951776768464481,Related,SS50,0.4933514232726345,Related,SR10,0.48286532495824375,Related
AAB-87,SP1Y,HYBRID+DICT,SP1Y,0.7996570768019053,Equivalent,SS82,0.49999999887849234,Related,SS55,0.47093626610104694,Related,SR10,0.4656814518750575,Related,SS50,0.4481586306193403,Related
AAB-88,SP9Y,HYBRID+DICT,SP9Y,0.8088438347033098,Equivalent,SS82,0.49999999869697065,Related,SR10,0.49083355356580827,Related,SR14,0.47671683351749017,Related,SR13,0.4762675710698214,Related
AAB-93,SP4Y,HYBRID+DICT,SP4Y,0.6999999919926947,Equivalent,SK53,0.4999999988941626,Related,SN4W,0.4822318849603443,Related,SM3J,0.4376088845524076,Related,SS50,0.42291073665541673,Related
AAB-97,SN03,HYBRID+DICT,SR4E,2.076581016373723,Equivalent,SN0Z,0.7757929530761276,Narrower,SN03,0.6917799240450904,Equivalent,SS23,0.6591613009227932,Narrower,SR4D,0.632517819681944,Narrower
AAB-100,SP9Y,HYBRID+DICT,SP9Y,0.8481342783452803,Equivalent,SS59,0.49999999876247514,Related,SS30,0.4601945452581553,Related,SS17,0.4520865644597949,Related,SS57,0.45120296675069094,Related
AAB-103,SP9Y,HYBRID+DICT,SP9Y,0.8940407295060735,Equivalent,SQ60,0.49999999901690856,Related,SN4W,0.4627222262451385,Related,SR00,0.45486374824353065,Related,SM51,0.43503013131373214,Related
AAB-105,SP9Y,HYBRID+DICT,SP9Y,0.9015419762453132,Equivalent,SR66,0.4999999988726139,Related,SN4W,0.4888575203464793,Related,SS19,0.4711900692384896,Related,SS13,0.4690555088398457,Related
AAB-108,SP4Y,HYBRID+DICT,SP4Y,0.7880245271913469,Equivalent,SN4W,0.4999999987375092,Related,SK53,0.48193134518557307,Related,SQ02,0.4739016477075431,Related,SP95,0.471915077080906,Related
AAB-110,SL62,HYBRID+DICT,SL62,0.9923366530236264,Equivalent,SR40,0.9182517923501193,Equivalent,SL6Y,0.9086649062793594,Equivalent,SL6Z,0.8607003121108102,Equivalent,SL60,0.7890699177052398,Narrower
AAC-1,SK30,HYBRID+DICT,SK30,1.0948607491104116,Equivalent,SQ02,0.49999999872421996,Related,SM51,0.4830502208084646,Related,SQ03,0.4819232722411247,Related,SR00,0.4680951874823489,Related
AAC-2,SK30,HYBRID+DICT,SK30,1.0471517059815065,Equivalent,SS56,0.49999999883053614,Related,SS55,0.483131203709841,Related,SM15,0.4771083019763619,Related,SL07,0.4731543982088932,Related
AAC-5,SP0Y,HYBRID+DICT,SP0Y,0.967057313940124,Equivalent,SN07,0.49999999876246115,Related,SK53,0.49738509820653476,Related,SN4W,0.486856011178212,Related,SQ02,0.48584199036178544,Related
AAC-6,SP00,HYBRID+DICT,SP00,1.0022742544088148,Equivalent,SR1C,0.8607367842459774,Equivalent,SR12,0.7375646834911753,Narrower,SK55,0.7034578206321386,Narrower,SS19,0.658134433751179,Narrower
AAC-7,SN08,HYBRID+DICT,SM8Z,0.9026352610480353,Equivalent,SN08,0.8625211442716672,Equivalent,SM88,0.6932625207954879,Narrower,SN3Z,0.6870465809498911,Narrower,SM8Y,0.6481995383386844,Narrower
AAC-8,SP15,HYBRID+DICT,SP15,1.1999999970128452,Equivalent,SP4Y,0.49213740620575697,Related,SP2Y,0.48603514961376754,Related,SP13,0.4551385489090809,Related,SP20,0.4228064349091722,Related
AAC-9.2,SK55,HYBRID+DICT,SK55,1.1347549524769815,Equivalent,SN4W,0.49999999864399924,Related,SQ02,0.48872538230389306,Related,SM13,0.4736680439219387,Related,SN07,0.44908625079754866,Related
AAC-12,SM31,HYBRID+DICT,SM31,1.1698220358009757,Equivalent,SR12,0.7921304099487463,Narrower,SM39,0.6967862340648009,Narrower,SM34,0.6467405631787364,Narrower,SP4Y,0.6337797126704621,Narrower
AAC-13,SK30,HYBRID+DICT,SK30,1.0726034153078199,Equivalent,SQ02,0.4999999987375959,Related,SN4W,0.4663926188987489,Related,SK53,0.4533370214583385,Related,SP5B,0.45271421737197753,Related
AAC-16,SK5Y,HYBRID+DICT,SK5Y,0.897803483593459,Equivalent,SS19,0.49999999845336873,Related,SR67,0.49785353021105727,Related,SS18,0.4837723334833323,Related,SS17,0.4780542873715881,Related
AAC-239,SK30,HYBRID+DICT,SK30,0.9957711548204611,Equivalent,SQ21,0.4999999987193648,Related,SM13,0.4593132377452771,Related,SP95,0.45832153491975236,Related,SP5B,0.45795006618511436,Related
AAC-27,SM83,HYBRID+DICT,SM83,1.0046422528461345,Equivalent,SS53,0.4999999984673272,Related,SM51,0.47485277690514527,Related,SS85,0.47207857166452943,Related,SQ21,0.46651508770458855,Related
AAC-38,SK22,HYBRID+DICT,SK22,0.8608276879365924,Equivalent,SK53,0.49999999836929915,Related,SN60,0.4769621382322939,Related,SN4G,0.46929093509902114,Related,SN4E,0.4652716791519641,Related
AAC-39,SL7Y,HYBRID+DICT,SL7Y,1.0359407351266112,Equivalent,SK6T,0.4999999987146934,Related,SL70,0.48082085470704605,Related,SR00,0.4802096965093404,Related,SN4W,0.47541990932565487,Related
AAD-2.7,SR20,HYBRID+DICT,SR20,1.1999999900352887,Equivalent,SS81,0.47843545175917523,Related,SS54,0.47287657284568047,Related,SR18,0.46277835488132835,Related,SR17,0.4617577271754592,Related
AAD-2.9,SR20,HYBRID+DICT,SR20,1.1752909992754064,Equivalent,SR18,0.4999999990253387,Related,SS81,0.4727915718288063,Related,SR15,0.4680068055951626,Related,SR17,0.46401014721132355,Related
AAD-4,SR20,HYBRID+DICT,SR20,1.1294879670160762,Equivalent,SR11,0.4999999985620506,Related,SN4W,0.4956079970425571,Related,SS82,0.48746663604389057,Related,SS55,0.47884423630805434,Related
AAD-4.1,SR20,HYBRID+DICT,SR20,1.1591904929011925,Equivalent,SS55,0.4999999987354866,Related,SR11,0.47552511754371946,Related,SS19,0.46986273017931407,Related,SM51,0.4627313645549987,Related
AAD-5,SR20,HYBRID+DICT,SR20,1.0573123698812192,Equivalent,SQ21,0.49999999866723294,Related,SS60,0.4750832484325007,Related,SN4W,0.45005440962187715,Related,SQ02,0.44794915420445425,Related
ABA-1,SR16,HYBRID+DICT,SR16,1.1999999972850295,Equivalent,SN41,0.5210231221368816,Related,SR20,0.47226262440587613,Related,SS81,0.4645391681899435,Related,SR17,0.4638801330743132,Related
ABA-2,SR17,HYBRID+DICT,SR17,1.199999995584372,Equivalent,SN41,0.787088734066987,Narrower,SR20,0.5859353866702037,Related,SR40,0.572964748912024,Related,SS2A,0.5608066647570973,Related
ABA-2.1,SR15,HYBRID+DICT,SR15,1.1999999961526349,Equivalent,SR17,0.6316108553865083,Narrower,SP63,0.5668152774899446,Related,SR20,0.5147133521626432,Related,SM1Z,0.4954754433085178,Related
ABB-1,SK7Y,HYBRID+DICT,SK7Y,0.8170946722340426,Equivalent,SS52,0.4999999988283448,Related,SS55,0.4928559064140163,Related,SN4W,0.47392267876144845,Related,SM71,0.45739443148502124,Related
ABB-7,SM3Y,HYBRID+DICT,SM3Y,0.8496683022722236,Equivalent,SM71,0.4999999987162534,Related,SN4W,0.4734510350461762,Related,SP5B,0.4483936605569221,Related,SQ02,0.4378286165908324,Related
ABB-10,SP9Y,HYBRID+DICT,SP9Y,0.8281796169853624,Equivalent,SS61,0.49999999870327816,Related,SQ21,0.4654731475256323,Related,SR00,0.464902626640441,Related,SS60,0.4568183731354586,Related
ABB-25,SP9Y,HYBRID+DICT,SP9Y,0.8651082694883308,Equivalent,SS82,0.4999999986409059,Related,SM13,0.48285264349981166,Related,SM51,0.46868825772841094,Related,SQ02,0.46118794039870353,Related
ABB-29,SP2Y,HYBRID+DICT,SP2Y,0.9915304179855178,Equivalent,SN60,0.4999999986010744,Related,SL07,0.4838674935758796,Related,SN4W,0.48317208385110694,Related,SN4E,0.4721963671266997,Related
ACA-1,SR1B,HYBRID+DICT,SR1B,1.1999999975803517,Equivalent,SR11,0.5460834666840627,Related,SR1C,0.503305736129009,Related,SR1A,0.46485118053593255,Related,SR1D,0.45710672672243463,Related
ACA-2,SR1C,HYBRID+DICT,SR1C,1.1999999958266505,Equivalent,SR40,0.7463336622009373,Narrower,SN41,0.6789701244039381,Narrower,SR1E,0.5524365757916794,Related,SP9Y,0.5432171960234949,Related
ACA-4,SR1E,HYBRID+DICT,SR1E,1.1059151689122029,Equivalent,SN42,0.592433761794595,Related,SR20,0.5706592433803721,Related,SP9Y,0.5594758686661134,Related,SR40,0.551181238575785,Related
ACB-15,SQ4Y,HYBRID+DICT,SQ4Y,0.8801081917328502,Equivalent,SN4W,0.4999999984876404,Related,SM71,0.47731706011823755,Related,SK86,0.45685070918454185,Related,SM9B,0.4531689718317454,Related
ACB-27,SP9Y,HYBRID+DICT,SP9Y,0.8559077690137777,Equivalent,SK6P,0.49999999856691785,Related,SM10,0.4506662895911932,Related,SN4W,0.436368112199215,Related,SK53,0.4283781652784417,Related
BD-2,SP62,HYBRID+DICT,SP62,1.1631942769536117,Equivalent,SR47,1.1519669065252174,Equivalent,SR60,0.511052856330331,Related,SR80,0.48328526641357317,Related,SR45,0.4809783548093427,Related
BE-1,SR4A,HYBRID+DICT,SR4A,1.0766046075459643,Equivalent,SN71,0.9615147122291763,Equivalent,SN9Z,0.7380640531515623,Narrower,SR1S,0.679463061082595,Narrower,ST0T,0.6790631504600785,Narrower
BF-2,SR4B,HYBRID+DICT,SR4B,1.0389805939498455,Equivalent,SP9Z,0.6451142372930265,Narrower,SK6R,0.6209123006513035,Narrower,SK6G,0.5765978374057144,Related,SR43,0.5341265212588083,Related
BA-3.1,SR4K,HYBRID+DICT,SR4K,1.0889364615893158,Equivalent,SR4J,0.8499399422742677,Equivalent,SR61,0.4599784302443379,Related,SN3Y,0.4270621456308566,Related,SR42,0.4222900420696415,Related
BH-1,SR4F,HYBRID+DICT,SR4F,1.0427374347608436,Equivalent,SP92,0.49999999892759406,Related,SS3J,0.49976364290113645,Related,SQ8Y,0.4937026168802566,Related,SQ05,0.47315867416716534,Related
CC-2,SN45,HYBRID+DICT,SR84,1.0845351414523228,Equivalent,SN45,1.0337774593574929,Equivalent,SR8N,0.5724517291246392,Related,SN4D,0.43513570017399134,Related,SR8E,0.4138974038686243,Related
CA-1,SR83,HYBRID+DICT,SR83,1.1093790546580609,Equivalent,SM81,0.6975316989321277,Narrower,SM82,0.6511146435794999,Narrower,SM86,0.6407963060015593,Narrower,SM89,0.6000310002004446,Narrower
CA-2,SR82,HYBRID+DICT,SR82,1.1950039286639311,Equivalent,SM82,0.69758966591035,Narrower,SM86,0.6137649130631331,Narrower,SM81,0.5687196487222819,Related,SM89,0.5562468004361915,Related
CB-1,SR81,HYBRID+DICT,SR81,1.0681043188212878,Equivalent,SM83,0.6224459503874821,Narrower,SR5A,0.6216772210880469,Narrower,SM7Y,0.6052897534628725,Narrower,SR10,0.5764112274976685,Related
CB-2,SR80,HYBRID+DICT,SR80,1.1999999966046104,Equivalent,SR5A,0.4909698312895483,Related,SM7Y,0.4778267017830813,Related,SM31,0.4724570990329726,Related,SM33,0.43434981408394957,Related
CB-3,SR86,HYBRID+DICT,SR86,1.1414960997939894,Equivalent,SR5A,0.8327797222196762,Equivalent,SR81,0.7955065968699218,Narrower,SS19,0.7186161591901065,Narrower,SS17,0.6676845100206061,Narrower
D,SS10,HYBRID+DICT,SS10,1.1999999979452662,Equivalent,SR59,0.5439846260511321,Related,SS13,0.5364022398923063,Related,SS18,0.5336656250152781,Related,SS11,0.5275875324777783,Related
DB-2,SS11,HYBRID+DICT,SS11,1.1999999971437723,Equivalent,SS18,0.6172774205243385,Narrower,SS19,0.5832547630981992,Related,SR59,0.5805152999251155,Related,SS1Z,0.5723738809060248,Related
DB-4,SS14,HYBRID+DICT,SS14,1.1999999973043414,Equivalent,SS15,0.5846878773729427,Related,SM3C,0.49506918043851644,Related,SS11,0.4845154537598422,Related,SP9Y,0.4835435477480437,Related
EA-2.5,SM74,HYBRID+DICT,SM74,0.9326917171254956,Equivalent,SS55,0.499999998600794,Related,SS36,0.48963539954401186,Related,SS30,0.46807492017085417,Related,SS39,0.46774215746949704,Related
EA-4.5.1,SL40,HYBRID+DICT,SL40,0.6642193238969843,Narrower,SM51,0.49999999864678457,Related,SQ60,0.47715771511502414,Related,SS82,0.4749679734860241,Related,SM71,0.47244067844827714,Related
EB-1,SR59,HYBRID+DICT,SR59,1.199999997637704,Equivalent,SS15,0.4854989512794251,Related,SS10,0.4687197936575741,Related,SM3C,0.43769771760608256,Related,SS37,0.4243285988870022,Related
EB-2,SM37,HYBRID+DICT,SM37,1.1263999801758446,Equivalent,SM38,0.7894470012630912,Narrower,SM7Y,0.6310383277960973,Narrower,SS10,0.6125220032286458,Narrower,SR59,0.572118037369097,Related
EB-3.9,SM3C,HYBRID+DICT,SM3C,1.1637496803020386,Equivalent,SR86,0.9187587006365289,Equivalent,SM3Y,0.8444403321174874,Equivalent,SM3L,0.7025422736610242,Narrower,SM7Y,0.6454398617409263,Narrower
EB-6,SM3L,HYBRID+DICT,SM3L,1.0886219589102382,Equivalent,SM3J,0.8401974293205194,Equivalent,SR50,0.6863813849645604,Narrower,SS19,0.6601406197682713,Narrower,SR20,0.6196477607061712,Narrower
EB-8,SM3K,HYBRID+DICT,SM3K,1.1999999964121966,Equivalent,SM7Y,0.5104300378162806,Related,SM33,0.49098312062376154,Related,SM31,0.4772817713890452,Related,SM53,0.4720338537437223,Related
EB-10,SM33,HYBRID+DICT,SM33,1.1108230221655702,Equivalent,SM31,0.7465810702769855,Narrower,SP9Y,0.744692081356038,Narrower,SM7Y,0.6567670265847193,Narrower,SM3Z,0.6105109081011231,Narrower
EB-10.15,SM70,HYBRID+DICT,SM70,0.9999999971536204,Equivalent,SM33,0.3900701992195147,Weak,SM3Y,0.3872900982654536,Weak,SP4Y,0.37950727941609935,Weak,SM7Y,0.35050064274351767,Weak
EC-3,SP51,HYBRID+DICT,SP51,1.1948839972209977,Equivalent,SR40,0.7565821386504599,Narrower,SR50,0.7010221662438656,Narrower,SQ2Y,0.5476180121694998,Related,SR8Y,0.5453575569069093,Related
EC-3.2,SP54,HYBRID+DICT,SP54,1.199999996994245,Equivalent,SK55,0.6145901300911685,Narrower,SN41,0.5901465174416326,Related,SP57,0.5536759316755956,Related,SM7Y,0.5355014625654435,Related
EC-3.7,SP5Y,HYBRID+DICT,SP5Y,0.8917144226508456,Equivalent,SS55,0.4999999989139177,Related,SS52,0.4835025332007644,Related,SR1D,0.48316616729909306,Related,SR1B,0.4767205783657564,Related
EC-3.8,SP5Y,HYBRID+DICT,SP5Y,0.9150670155741418,Equivalent,SR66,0.4999999985993391,Related,SN4W,0.4945706187682185,Related,SM1L,0.48103204542227374,Related,SP5B,0.47824541153830535,Related
ED-2.2,SP99,HYBRID+DICT,SP99,1.0181239895120688,Equivalent,SR40,0.8549352557055981,Equivalent,SN5Y,0.8221116198498447,Equivalent,SN45,0.773391609675969,Narrower,SP9Z,0.7641030979036941,Narrower
ED-3.1,SM41,HYBRID+DICT,SM41,0.9529671983922192,Equivalent,SQ02,0.4999999986671317,Related,SR00,0.4791022726214767,Related,SN4W,0.46472850194919035,Related,SL21,0.46432976679631544,Related
ED-3.3,SM41,HYBRID+DICT,SM41,0.9189565913546018,Equivalent,SS58,0.4999999985730867,Related,SR66,0.4924981051010137,Related,SS82,0.4751771554484059,Related,SR00,0.4591078963601481,Related
ED-3.5,SM41,HYBRID+DICT,SM41,0.8589365283617119,Equivalent,SM71,0.49999999854593624,Related,SM51,0.4983281111360634,Related,SN07,0.46847243404063904,Related,SM1L,0.46350244634848736,Related
ED-4.2.3,SN49,HYBRID+DICT,SN49,1.1194831217214012,Equivalent,SM1L,0.4999999986581927,Related,SN4F,0.46618176514141213,Related,SN4W,0.4608061676381216,Related,SM13,0.46000330905261744,Related
ED-4.2.6,SN49,HYBRID+DICT,SN49,0.9625151857372274,Equivalent,SN4W,0.49999999873930395,Related,SQ02,0.4579760123029838,Related,SR1W,0.449866919076015,Related,SR1V,0.4463741064792865,Related
ED-4.2.7,SN4A,HYBRID+DICT,SN42,0.9969116731906601,Equivalent,SN4R,0.8744216100979927,Equivalent,SN4A,0.8673803104979283,Equivalent,SN5Y,0.7322724290772423,Narrower,SN4C,0.6990457161526595,Narrower
ED-4.3.2,SN5Y,HYBRID+DICT,SN5Y,0.8538718165777284,Equivalent,SR00,0.49999999874875806,Related,SN4W,0.48637109414652696,Related,SS59,0.48416330743604724,Related,SQ02,0.4828668116695715,Related
ED-4.3.7,SN5Y,HYBRID+DICT,SN49,0.820301696727935,Equivalent,SN5Y,0.5961946973724266,Related,SN4U,0.5102533408467924,Related,SR1V,0.49999999880039087,Related,SR1W,0.47829119373634443,Related
ED-4.4,SN49,HYBRID+DICT,SR40,0.9729073865726423,Equivalent,SN49,0.8497318853424123,Equivalent,SS56,0.7949334768375376,Narrower,SN5Y,0.7613418617698402,Narrower,SN4R,0.6701359665578197,Narrower
ED-8,SP11,HYBRID+DICT,SP14,0.6976030648841749,Narrower,SP11,0.6334345661804888,Equivalent,SP10,0.5489871986708025,Related,SR10,0.49999999887915947,Related,SR14,0.4783523625432549,Related
ED-9.7.9,SM40,HYBRID+DICT,SM40,1.0936760401811891,Equivalent,SR17,0.6523571555446493,Narrower,SP57,0.5593171199492588,Related,SR15,0.5513520026078368,Related,SM4Y,0.5225618007599069,Related
ED-19,SN47,HYBRID+DICT,SQ50,0.9999999968009595,Equivalent,SN47,0.9369260169078213,Equivalent,SN4U,0.5917589049391123,Related,SR1A,0.585294485177033,Related,SR1D,0.49774897702956034,Related
EE-1,SR52,HYBRID+DICT,SR52,1.1999999974557125,Equivalent,SR53,0.584041201307474,Related,SL70,0.5372644830236752,Related,SP2Z,0.4979356682824334,Related,SR45,0.4825606187087107,Related
EE-2,SP72,HYBRID+DICT,SP72,1.0153096675341717,Equivalent,SR13,0.6777073210362743,Narrower,SR1D,0.6697102464402529,Narrower,SR18,0.6282866031165395,Narrower,SP97,0.5517910047700332,Related
EE-3.4,SM53,HYBRID+DICT,SM53,0.607777093143653,Narrower,SM99,0.5893271401221007,Related,SN06,0.5822002741523251,Related,SK6S,0.5773049558444601,Related,SM3J,0.5597839889713168,Related
EE-3.6,SM53,HYBRID+DICT,SM53,0.8119958447565729,Equivalent,SM1L,0.7428237611158042,Narrower,SK6S,0.6781212144976565,Narrower,SN06,0.5925710974419696,Related,SM99,0.5710256681857997,Related
EE-3.7,SM53,HYBRID+DICT,SK6S,0.7047078632419572,Narrower,SN06,0.622465236735001,Narrower,SM53,0.6107028598640128,Narrower,SM99,0.5649639046833691,Related,SR66,0.49999999878619406,Related
EE-3.10,SM53,HYBRID+DICT,SM53,0.7906847048928425,Equivalent,SK6S,0.6460204427665209,Narrower,SN06,0.5751223022828077,Related,SM99,0.5740585733500487,Related,SN4W,0.49999999877458845,Related
EE-3.13,SM7Y,HYBRID+DICT,SM7Y,0.8557946576074211,Equivalent,SK6S,0.7150053138852563,Narrower,SN06,0.6647737144814039,Narrower,SM99,0.6109072605421698,Narrower,SM53,0.5561323922470954,Related
EE-3.16,SK6S,HYBRID+DICT,SK6S,1.1490258373814741,Equivalent,SN06,0.529173505407037,Related,SK7Z,0.5129414137428888,Related,SK6U,0.49999999877355306,Related,SK6H,0.4919580552439069,Related
EE-4.4,SP70,HYBRID+DICT,SP70,1.1999999958891154,Equivalent,SR1A,0.6734647608515478,Narrower,SR1D,0.5232410621814149,Related,SN5Y,0.5131881795733301,Related,SR1C,0.48990653009630025,Related
EF-1,SR53,HYBRID+DICT,SR53,1.1999999965402854,Equivalent,SR52,0.6079593865342608,Narrower,SR5C,0.6060640464137111,Narrower,SR40,0.6013522858651553,Narrower,SN42,0.5876152387048426,Related
EF-2.2.7,SM8D,HYBRID+DICT,SM8D,0.807283243935826,Equivalent,SN4W,0.49999999855173977,Related,SM13,0.4797226312597641,Related,SL07,0.47512674970409413,Related,SL02,0.47318499935026126,Related
EF-2.2.8,SM8D,HYBRID+DICT,SM8D,0.9127289248505297,Equivalent,SR8E,0.4999999985387438,Related,SR00,0.49936305338288545,Related,SP95,0.48381255084328445,Related,SK6P,0.48317451696673036,Related
EF-2.2.11,SM8D,HYBRID+DICT,SM8D,0.8008030452561172,Equivalent,SN4W,0.49999999862584976,Related,SR00,0.48978098865633635,Related,SQ02,0.4841686438885039,Related,SM13,0.4796350795552344,Related
EF-2.2.12,SM8D,HYBRID+DICT,SM8D,0.9016986961830531,Equivalent,SN4W,0.4999999987787735,Related,SM13,0.47918460444052874,Related,SQ02,0.4584441118052167,Related,SQ60,0.44279446008313145,Related
EF-2.2.13,SM8D,HYBRID+DICT,SM8D,0.9046733789683312,Equivalent,SN4W,0.49999999882740387,Related,SM13,0.45969562758395865,Related,SR66,0.43200847138625353,Related,SN48,0.42736651267451503,Related
EF-2.3.1,SM8D,HYBRID+DICT,SM8D,0.8329400223558205,Equivalent,SS55,0.49999999868046996,Related,SN4W,0.49825011219687165,Related,SR1W,0.4941482725735581,Related,SS52,0.49049190722068825,Related
EF-2.3.2,SM8D,HYBRID+DICT,SM8D,0.8601829587532455,Equivalent,SS52,0.49999999879868634,Related,SS55,0.46381254710636455,Related,SN4W,0.45556961666606066,Related,SL02,0.4454130369210634,Related
EF-2.3.3,SM8D,HYBRID+DICT,SM8D,0.8829692711051853,Equivalent,SK6J,0.4999999987584681,Related,SM71,0.4678140498515582,Related,SN73,0.4565483498252528,Related,SN4W,0.45606186682852445,Related
EF-2.3.4,SM8A,HYBRID+DICT,SM8A,0.9782759799514917,Equivalent,SR5B,0.8015509469586561,Equivalent,SR15,0.7103256914079806,Narrower,SR44,0.5925947325923238,Related,SR8A,0.5788913994467674,Related
EF-2.3.6,SM8D,HYBRID+DICT,SM8D,0.9331987941305162,Equivalent,SP95,0.49999999849734483,Related,SN73,0.4991700423352997,Related,SR1V,0.4911192929112725,Related,SN4W,0.4624420303167559,Related
EF-3,SP64,HYBRID+DICT,SP64,1.1543879236371268,Equivalent,SP62,0.5755384424888081,Related,SP70,0.39302378259557136,Weak,SR47,0.39141881673981016,Weak,SN45,0.39120699051360297,Weak
EH-2,SP0Y,HYBRID+DICT,SP0Y,0.9219009785972758,Equivalent,SN4W,0.4999999989125438,Related,SM51,0.49182898324456836,Related,SR00,0.462657312633969,Related,SP5B,0.4579791465702202,Related
EI-1,SR56,HYBRID+DICT,SR56,1.1999999968499067,Equivalent,SR4E,0.5517240105455736,Related,SS23,0.5228519732397479,Related,SR4D,0.4937172054781626,Related,SM94,0.4633517836183211,Related
EI-2,SN02,HYBRID+DICT,SN02,1.1999999975391267,Equivalent,SN3Y,0.538371596028904,Related,SN0Y,0.5214837889776287,Related,SN49,0.4487817456630897,Related,SN0Z,0.4402040530012972,Related
EI-6.8,SM3G,HYBRID+DICT,SM3Z,0.9836172017393714,Equivalent,SM3G,0.9719242784920215,Equivalent,SN0Y,0.7435719686905209,Narrower,SK55,0.6167973131401001,Narrower,SM3Y,0.6111583580162783,Narrower
EI-6.9,SN0Y,HYBRID+DICT,SN0Y,0.8342936103640766,Equivalent,SN4W,0.49999999880853585,Related,SM13,0.4691120247527062,Related,SR1W,0.44514627081313163,Related,SR00,0.43532592628576516,Related
EJ-1,SR5B,HYBRID+DICT,SR5B,1.1999999964124384,Equivalent,SR5Z,0.6379527624062473,Narrower,SR5A,0.6090744935275552,Narrower,SR5C,0.5997312850783253,Related,SR56,0.5910493738910807,Related
EJ-2,SM8C,HYBRID+DICT,SM8C,1.1470272035108153,Equivalent,SM86,0.7376956213780047,Narrower,SM87,0.7249286961344227,Narrower,SR5B,0.7027492450477772,Narrower,SP4Y,0.6147389022323384,Narrower
EJ-3.4,SM8E,HYBRID+DICT,SM8E,1.0148790279391202,Equivalent,SM81,0.7351973684929075,Narrower,SR11,0.6232924964227305,Narrower,SR80,0.608598656479239,Narrower,SR83,0.594616568442611,Related
EJ-3.9,SM88,HYBRID+DICT,SM88,1.1999999971910384,Equivalent,SM86,0.7744699030985764,Narrower,SM82,0.6498710120631985,Narrower,SM81,0.5633709417341666,Related,SM8B,0.5049691472835545,Related
EJ-3.12,SM52,HYBRID+DICT,SM52,0.9438163609615318,Equivalent,SR10,0.49999999892236685,Related,SR40,0.48082548008280646,Related,SR1V,0.47346196255464157,Related,SR1W,0.4433947985711405,Related
EK-4.2,SM32,HYBRID+DICT,SM32,0.9333408205310754,Equivalent,SM3J,0.5317719903468883,Related,SM1M,0.5276789376258668,Related,SS50,0.4999999988193986,Related,SR10,0.4876476840522302,Related
EK-4.4,SM32,HYBRID+DICT,SM32,0.8827483125837798,Equivalent,SM1L,0.5955069201345677,Related,SS55,0.4999999989352355,Related,SS52,0.49173877180424097,Related,SS80,0.4623394145505909,Related
EK-4.5,SM32,HYBRID+DICT,SM32,1.0949328035417685,Equivalent,SM8B,0.4999999987617673,Related,SQ02,0.4919252788944369,Related,SM93,0.4890861336732316,Related,SM5Y,0.48724766564197947,Related
EK-4.6,SM42,HYBRID+DICT,SM42,1.1999999953256577,Equivalent,SM4Z,0.7054466027148911,Narrower,SM4Y,0.6991646206944215,Narrower,SM40,0.6900566082421742,Narrower,SM3L,0.649611685207302,Narrower
EL-2.5,SM9Y,HYBRID+DICT,SM9Y,0.8552848561820292,Equivalent,SR1V,0.4999999987682181,Related,SN4W,0.4985888679107779,Related,SS50,0.4913608970719426,Related,SS53,0.48641485404864676,Related
EL-2.6,SM9Y,HYBRID+DICT,SM9Y,0.8398727171593234,Equivalent,SP21,0.4999999985947277,Related,SR1V,0.48220615704325676,Related,SM71,0.47411164335671124,Related,SR1N,0.45408277170900596,Related
EL-2.9,SM90,HYBRID+DICT,SM90,0.934215829187752,Equivalent,SM99,0.5929316258436574,Related,SM98,0.5895405714259323,Related,SR20,0.5778345801978366,Related,SM9Y,0.5609496483088401,Related
EL-2.10,SM96,HYBRID+DICT,SM96,1.0481361383860044,Equivalent,SR1A,0.752273492213394,Narrower,SP4Y,0.7063091778772848,Narrower,SP54,0.6003413828474111,Narrower,SK87,0.5971363042737113,Related
EL-2.12,SN12,HYBRID+DICT,SN12,1.1999999954314013,Equivalent,SM9Y,0.5256085489726791,Related,SR4E,0.4905424435353063,Related,SS82,0.4762337407061631,Related,SM9A,0.4536744074034054,Related
EL-2.15,SM91,HYBRID+DICT,SM91,1.1999999960743453,Equivalent,SR4J,0.7563584509305457,Narrower,SR4K,0.6871807630949847,Narrower,SR1A,0.5625831557374072,Related,SR1C,0.523182888119575,Related
EL-2.20,SM9A,HYBRID+DICT,SM9A,0.9999999955263625,Equivalent,SM9Y,0.7620475227257295,Narrower,SM99,0.5986346877540234,Related,SM98,0.5416352366427452,Related,SR20,0.5253770092125152,Related
EL-2.26,SM9Y,HYBRID+DICT,SM9Y,0.8623559035014177,Equivalent,SN4W,0.4999999987364491,Related,SR1V,0.4582012699532059,Related,SS55,0.44624856565637994,Related,SS16,0.4400353525511441,Related
EL-2.28,SM99,HYBRID+DICT,SM99,1.1543423144521383,Equivalent,SN44,0.5839804544045735,Related,SR8E,0.529011932101928,Related,SM9B,0.49999999863329125,Related,SR45,0.4860476734901493,Related
EL-9,SN1Y,HYBRID+DICT,SN1Y,1.0860625973446698,Equivalent,SN4W,0.4999999986461614,Related,SN4H,0.49454194583205957,Related,SP5B,0.4754181837410993,Related,SM1L,0.45155520047606224,Related
EM-1,SR5E,HYBRID+DICT,SR5E,1.1999999973537094,Equivalent,SR5Z,0.5486951914798185,Related,SR53,0.537654932116762,Related,SR5A,0.5006829496037652,Related,SR5C,0.46762744538010703,Related
EM-2,SQ03,HYBRID+DICT,SQ03,1.0757662037520892,Equivalent,SR5E,0.8686766207765786,Equivalent,SQ41,0.7330155441752166,Narrower,SS15,0.6458792975533139,Narrower,SQ04,0.5462371812481562,Related
EM-2.4,SQ04,HYBRID+DICT,SQ04,1.1283251010671511,Equivalent,SQ0Z,0.8288673601776534,Equivalent,SQ03,0.7909243695568129,Narrower,SQ4Y,0.7813340589329463,Narrower,SR1A,0.7242112521098765,Narrower
EM-7.5,SP98,HYBRID+DICT,SP98,1.1472524823790404,Equivalent,SM1L,0.4999999986516614,Related,SP5B,0.49521999615628987,Related,SM8B,0.49343873658860127,Related,SS85,0.4887476202636802,Related
EM-9,SQ10,HYBRID+DICT,SQ10,1.199999997578688,Equivalent,SS61,0.501558007741477,Related,SP58,0.4440488193497578,Related,SP54,0.4217221102131281,Related,SS3G,0.42101001099596713,Related
F-9,SK00,HYBRID+DICT,SK00,0.8194167786746713,Equivalent,SS82,0.49999999858811417,Related,SM13,0.48125704977409384,Related,SR00,0.4789574315579434,Related,SM51,0.47573947242897213,Related
FA,SK50,HYBRID+DICT,SK50,1.1999999970179664,Equivalent,SN4G,0.6212404211862198,Narrower,SN70,0.5479046743523485,Related,SN4E,0.4716743516624038,Related,SK00,0.4704475153298704,Related
FA-2,SN73,HYBRID+DICT,SN73,1.1999999982247382,Equivalent,SN7Z,0.3783956736799281,Weak,SN7Y,0.3679831046020723,Weak,SR17,0.36097085585711003,Weak,SR20,0.35250612769205253,Weak
FA-6,SK50,HYBRID+DICT,SK50,1.117954420062796,Equivalent,SN4G,0.49999999880908613,Related,SN4E,0.47220657011225065,Related,SS80,0.4703493448420416,Related,SS55,0.4240233789888533,Related
FA-7,SP9Y,HYBRID+DICT,SP9Y,0.940450782828824,Equivalent,SN4G,0.49999999880393475,Related,SN4E,0.4836162477116043,Related,SS80,0.47644992946735026,Related,SR1D,0.43596609864017005,Related
GA-1,SM1M,HYBRID+DICT,SM1M,1.1999999970161743,Equivalent,SM1K,0.6668983045480312,Narrower,SR10,0.4834887018491365,Related,SM1L,0.4307204330156695,Related,SM3J,0.42675279328274507,Related
GA-10,SM1Y,HYBRID+DICT,SM1Y,0.91491725288921,Equivalent,SS60,0.49999999854384486,Related,SS55,0.4862084945323977,Related,SP92,0.4772404149903033,Related,SM51,0.47687753092314245,Related
GB-3,SM13,HYBRID+DICT,SM13,1.0266683003633696,Equivalent,SM1G,0.7165836068634294,Narrower,SM1J,0.6825813449705985,Narrower,SN44,0.5692296616815911,Related,SS20,0.5481233518108197,Related
GB-9,SM1Y,HYBRID+DICT,SM1Y,0.8386781004579815,Equivalent,SR85,0.4999999986967554,Related,SR84,0.4838103235898678,Related,SQ02,0.4716780781963574,Related,SS82,0.44528691879030285,Related
GB-11,SM1Y,HYBRID+DICT,SM1Y,0.8744429928578761,Equivalent,SN4W,0.4999999987152752,Related,SK53,0.4759348256198468,Related,SS57,0.4551527532995345,Related,SR11,0.45042053653178193,Related
GD-4,SM1Y,HYBRID+DICT,SM1Y,0.9218520906162391,Equivalent,SM71,0.4999999987213928,Related,SN48,0.49648511266193057,Related,SP96,0.49403161618302643,Related,SN4W,0.4805901044578174,Related
GE-3,SL06,HYBRID+DICT,SL06,1.199999995663252,Equivalent,SL04,0.6621688678503057,Narrower,SL08,0.6575542872310698,Narrower,SL0Z,0.644446168001045,Narrower,SL0Y,0.6064224694636207,Narrower
GE-4,SM17,HYBRID+DICT,SM17,1.100476883019264,Equivalent,SR1A,0.8092211221615709,Equivalent,SR1C,0.6216978934481142,Narrower,SK20,0.5766934169526873,Related,SM1Y,0.5754870554338162,Related
GE-6,SM1Y,HYBRID+DICT,SM1Y,0.7254064025567251,Equivalent,SP72,0.7226969855142021,Narrower,SS55,0.4999999986808918,Related,SN07,0.480732909677284,Related,SS59,0.48011397388798177,Related
GE-8,SM1Y,HYBRID+DICT,SM1Y,0.9208069336002536,Equivalent,SK53,0.4999999988149072,Related,SR11,0.47618832525732024,Related,SS53,0.4700476359720311,Related,SM71,0.46919144448172256,Related
GE-10,SP9Y,HYBRID+DICT,SP9Y,0.8382459629935457,Equivalent,SR66,0.499999998836019,Related,SN4E,0.47920148641871974,Related,SS52,0.4737044752995001,Related,SS85,0.47207366018227,Related
GE-11,SM1Y,HYBRID+DICT,SM1Y,0.8982067809069489,Equivalent,SS52,0.4999999987859767,Related,SS55,0.48904274196629033,Related,SS54,0.4615727520809157,Related,SS56,0.4516219703583409,Related
GF-7,SL01,HYBRID+DICT,SL01,1.0904483322587522,Equivalent,SR1C,0.8535177934313112,Equivalent,SR17,0.7716967288623657,Narrower,SL0Y,0.7524181456928564,Narrower,SP4Y,0.6619788571162682,Narrower
GF-9,SL0Y,HYBRID+DICT,SL0Y,1.0891126600581178,Equivalent,SR1V,0.4999999985466428,Related,SR1X,0.46473250168445146,Related,SR4L,0.45198267695677813,Related,SR66,0.43964794638282595,Related
GF-10,SL05,HYBRID+DICT,SL05,1.1966455696551535,Equivalent,SP95,0.4999999985755125,Related,SN4W,0.49879764377712005,Related,SS13,0.4810343183831581,Related,SS36,0.4751391628726299,Related
GF-11,SL03,HYBRID+DICT,SL03,1.1201923737080048,Equivalent,SR85,0.49999999883856916,Related,SK6P,0.4988369215371277,Related,SP95,0.48014966625571526,Related,SQ02,0.473697394374229,Related
GF-13,SL0Y,HYBRID+DICT,SL0Y,1.0385443453659304,Equivalent,SM15,0.49999999844449466,Related,SN4E,0.49576128492195803,Related,SQ60,0.4835021846192213,Related,SS60,0.4823992893010754,Related
GF-16,SL2Y,HYBRID+DICT,SL2Y,0.9194822717423186,Equivalent,SS60,0.49999999862772293,Related,SR1N,0.4472992516253126,Related,SM9B,0.4450833680645386,Related,SS82,0.4413852938867779,Related
GF-19,SL0Y,HYBRID+DICT,SL0Y,1.091167794369955,Equivalent,SS60,0.4999999988063281,Related,SQ02,0.4628554540107785,Related,SP92,0.4564661510436516,Related,SS36,0.452552989793219,Related
GG,SM1Y,HYBRID+DICT,SM1Y,0.8669250860073161,Equivalent,SP91,0.7763041388704035,Narrower,SS60,0.4999999986093361,Related,SS80,0.4492742862018448,Related,SR67,0.44428683472969516,Related
HA-1,SK68,HYBRID+DICT,SK68,1.051460295997941,Equivalent,SS28,0.835531883216694,Equivalent,SK6G,0.673872023414877,Narrower,SM53,0.6257005650548835,Narrower,SK6R,0.5847274672221462,Related
HB-5,SK6U,HYBRID+DICT,SK6U,1.0282814865979064,Equivalent,SS58,0.499999998781948,Related,SP5B,0.4851594058797424,Related,SN4W,0.48165736093839984,Related,SM51,0.4795037446910039,Related
HB-7,SK6P,HYBRID+DICT,SK6P,1.1495161274582433,Equivalent,SK6G,0.7463618307755772,Narrower,SK6K,0.5979574561966755,Related,SK6R,0.5821374712424756,Related,SK6H,0.5687675496371363,Related
HB-8,SK7Y,HYBRID+DICT,SK7Y,0.8691923576563991,Equivalent,SM51,0.49999999860571964,Related,SN4E,0.46939312682342205,Related,SS82,0.4369330836624695,Related,SP5B,0.4262150398249095,Related
HB-17,SK6J,HYBRID+DICT,SK6J,1.1999999976983657,Equivalent,SK6H,0.40295140842316457,Related,SK69,0.36560544929519084,Weak,SK7Z,0.3524711841333085,Weak,SK7Y,0.3378657286041632,Weak
HD-2,SK6C,HYBRID+DICT,SK6C,0.9708429935139162,Equivalent,SS2B,0.49999999856612615,Related,SS50,0.49095889816274935,Related,SN4W,0.48961807203012964,Related,SM1L,0.4547071080340494,Related
HD-4,SK7Y,HYBRID+DICT,SK7Y,0.8712020359417272,Equivalent,SP92,0.49999999876164597,Related,SP5B,0.48796917932673445,Related,SQ21,0.43358992124415857,Related,SS28,0.43071635983575557,Related
HE-4,SK61,HYBRID+DICT,SK61,0.8626566766734506,Equivalent,SK6H,0.4999999988493929,Related,SR04,0.45989688250108196,Related,SK6G,0.457751201280133,Related,SS28,0.45643838293639505,Related
HF-3,SK6W,HYBRID+DICT,SK6W,1.0362466780523931,Equivalent,SK6R,0.6938209550078089,Narrower,SK7Z,0.562502158854508,Related,SK6G,0.5051887421325073,Related,SK6A,0.4953129438106735,Related
HF-5,SK6X,HYBRID+DICT,SK6X,1.037702636945102,Equivalent,SK6U,0.7385362609636222,Narrower,SR1C,0.5887194142431265,Related,SK7Y,0.5710689974376087,Related,SR12,0.5602112831154107,Related
HF-8,SK7Y,HYBRID+DICT,SK7Y,0.865122614064106,Equivalent,SQ21,0.49999999865105454,Related,SQ02,0.4885433568144558,Related,SP21,0.4787470856174248,Related,SS60,0.47021371079751245,Related
HF-9,SK7Y,HYBRID+DICT,SK7Y,0.8446028621898649,Equivalent,SQ02,0.4999999988684019,Related,SN4W,0.4769404692232237,Related,SR00,0.46315433282931695,Related,SM71,0.46125471324274203,Related
HG-2.4,SK65,HYBRID+DICT,SK65,0.9909319134158618,Equivalent,SS55,0.49999999875214085,Related,SN4W,0.486048470669634,Related,SM1L,0.48067233998448766,Related,SS52,0.4745321592382856,Related
HG-3,SK7Y,HYBRID+DICT,SK7Y,0.8963730346739327,Equivalent,SN4W,0.4999999986867844,Related,SR1W,0.4969259930008736,Related,SR1V,0.4825796677570901,Related,SK80,0.47415753010872347,Related
HG-4,SK63,HYBRID+DICT,SK63,0.99999999724022,Equivalent,SK64,0.4566387966953534,Related,SR15,0.4212195925915071,Related,SR17,0.41695683537830536,Related,SR20,0.4081722661921237,Related
HG-10,SK7Y,HYBRID+DICT,SK7Y,0.8966832306675547,Equivalent,SQ20,0.4999999985951647,Related,SR00,0.49015233634099054,Related,SQ21,0.4828313270468274,Related,SM71,0.4814409959477861,Related
HG-12,SK7Y,HYBRID+DICT,SK7Y,0.9467592647728771,Equivalent,SS60,0.4999999986602153,Related,SQ02,0.4887525643585832,Related,SR04,0.44992841662582217,Related,SS30,0.4493920145341174,Related
I-6,SK95,HYBRID+DICT,SK95,0.969481437594937,Equivalent,SS17,0.499999998574159,Related,SR8E,0.47478018229117147,Related,SK86,0.47173323754516416,Related,SK6P,0.45558167682081974,Related
I-10,SK95,HYBRID+DICT,SK95,0.8268220806271736,Equivalent,SM1L,0.49999999851469973,Related,SN4R,0.4841054458172624,Related,SM13,0.4745083539052164,Related,SK80,0.47422514390349474,Related
I-13,SK9Y,HYBRID+DICT,SK9Y,1.0208119884777824,Equivalent,SS56,0.4999999988600344,Related,SS53,0.47985863534543005,Related,SM13,0.4746912135192188,Related,SR00,0.46949977234250273,Related
I-16,SK94,HYBRID+DICT,SK94,1.154913355812879,Equivalent,SK97,0.8929298528548346,Equivalent,SK9Y,0.7575274671460518,Narrower,SK9Z,0.6890167174945493,Narrower,SK96,0.5804243937360134,Related
J-1,SK8Y,HYBRID+DICT,SK8Y,0.7181739602539726,Narrower,SS50,0.49999999874457485,Related,SR11,0.4998246740004491,Related,SM9B,0.49264257031236186,Related,SS82,0.4926142100571234,Related
J-3,SK8Y,HYBRID+DICT,SK8Y,0.9068984974381269,Equivalent,SS52,0.49999999894562086,Related,SS55,0.47535309668344444,Related,SR1B,0.46375928636847097,Related,SR1D,0.4448141091590435,Related
J-7,SK86,HYBRID+DICT,SK86,1.1479654245366766,Equivalent,SK80,0.6151011563024085,Narrower,SK82,0.5295060008088726,Related,SK83,0.503412884911359,Related,SK85,0.4968779289079736,Related
J-11,SK8Y,HYBRID+DICT,SK86,0.9733721393858683,Equivalent,SK8Y,0.8404457129090328,Equivalent,SK80,0.8378264849365782,Equivalent,SK82,0.7949528239506805,Narrower,SK83,0.730785977969317,Narrower
J-16,SK8Y,HYBRID+DICT,SK8Y,0.8981560679546094,Equivalent,SS55,0.49999999877035456,Related,SS52,0.4973927618859,Related,SN4W,0.470658487767593,Related,SK80,0.45252330203337154,Related
J-20,SK87,HYBRID+DICT,SK87,1.0778120819104762,Equivalent,SK8Y,0.9604909839566467,Equivalent,SK96,0.8139429096227602,Equivalent,SK00,0.7175109479876947,Narrower,SK83,0.70636121591031,Narrower
K,SN4W,HYBRID+DICT,SN4W,1.1209891296908736,Equivalent,SK55,0.5929108369395738,Related,SR40,0.5634383305757225,Related,SR15,0.5607631474396126,Related,SN49,0.552278093696303,Related
LD,ST20,HYBRID+DICT,ST20,0.8841171129901608,Equivalent,SR57,0.7692130922149575,Narrower,SS3J,0.6442119535074662,Narrower,SQ00,0.6381253234590574,Narrower,SP97,0.5372178409039156,Related
MA,SN1Y,HYBRID+DICT,SN1Y,1.0624410342077886,Equivalent,SS82,0.49999999877003404,Related,SS53,0.4964220954112211,Related,SS50,0.47436283004451496,Related,SS17,0.4436495237582246,Related
MD-1,SM1Y,HYBRID+DICT,SM1Y,0.7046183460582427,Narrower,SR66,0.499999998722686,Related,SP5B,0.46912346206611893,Related,SM1A,0.46880724015101216,Related,SQ02,0.46711432802766684,Related
MD-2,SM12,HYBRID+DICT,SM12,0.9661409252082536,Equivalent,SM1Z,0.843730776623817,Equivalent,SM1Y,0.6893241080983925,Narrower,SM1G,0.6345046096777465,Narrower,SM1J,0.5857021308076817,Related
MD-10,SR05,HYBRID+DICT,SR05,0.8943000545395343,Equivalent,SS10,0.8003141356776373,Equivalent,SM76,0.7707025019463383,Narrower,SS11,0.6574748920551942,Narrower,SS14,0.6512907690104219,Narrower
MD-12,SR00,HYBRID+DICT,SR00,1.1558719039594119,Equivalent,SN11,0.6996175056925473,Narrower,SR4M,0.6919793632516942,Narrower,SR4L,0.6843456233692984,Narrower,SP52,0.6623777180623909,Narrower
O-2,SN5Y,HYBRID+DICT,SN5Y,0.8189803535073517,Equivalent,SM51,0.4999999988033342,Related,SM71,0.4372601986802293,Related,SM1L,0.4272217308029591,Related,SK6G,0.4226728260352199,Related
O-4,SN5Y,HYBRID+DICT,SN5Y,0.9143531094556783,Equivalent,SS58,0.49999999872910367,Related,SS84,0.4883419458381797,Related,SS5E,0.48058160153177937,Related,SS5D,0.4791414173748827,Related
O-5,SN0Y,HYBRID+DICT,SN0Y,0.8539113888854262,Equivalent,SM1L,0.4999999988473267,Related,SR85,0.47737458622644174,Related,SM71,0.4544833208506283,Related,SS55,0.4544293533253676,Related
O-7,SN70,HYBRID+DICT,SN70,1.1999999969108024,Equivalent,SK50,0.5750281355768622,Related,SN4C,0.5100135529780052,Related,SN5Y,0.4782898494215852,Related,SN7Y,0.4578718066579236,Related
O-12,SN4T,HYBRID+DICT,SN4T,1.0220359451454926,Equivalent,SS55,0.4999999988274924,Related,SK53,0.4830391475246394,Related,SS52,0.48134166465639183,Related,SR1D,0.480012101363256,Related
O-17,SN5Y,HYBRID+DICT,SN5Y,0.834246922535959,Equivalent,SS38,0.49999999874413503,Related,SN4W,0.4909967676154417,Related,SS36,0.48078334951807167,Related,SS32,0.4795327032151605,Related
O-21,SN4F,HYBRID+DICT,SN4F,1.1999999965217871,Equivalent,SN4J,0.5516090742542578,Related,SR44,0.39229710669802237,Weak,SR1U,0.3788846396515412,Weak,SL8Y,0.3721336196377478,Weak
O-23,SN4E,HYBRID+DICT,SN4E,0.9188638355538931,Equivalent,SN4J,0.562309577915353,Related,SR40,0.5010542324776824,Related,SN41,0.47597240969125154,Related,SN4F,0.46425449884631215,Related
O-34,SN5Y,HYBRID+DICT,SN5Y,0.8054497894008399,Equivalent,SS60,0.49999999865266587,Related,SP95,0.46853356347380065,Related,SS82,0.4562408340684179,Related,SR00,0.4561048335376315,Related
O-38,SN40,HYBRID+DICT,SN40,1.0769196052126255,Equivalent,SN5Y,0.734785405222368,Narrower,SN42,0.6807031141982374,Narrower,SN4R,0.6573477491086752,Narrower,SN41,0.6493487211494049,Narrower
O-39,SN90,HYBRID+DICT,SN90,1.157667386141369,Equivalent,SN7Y,0.854432629922486,Equivalent,SN73,0.8452742239292783,Equivalent,SN7Z,0.8277075530494531,Equivalent,SN9Z,0.7071022094284285,Narrower
O-40,SN5Y,HYBRID+DICT,SN5Y,0.87728273391416,Equivalent,SS55,0.499999998738237,Related,SR00,0.4981160650228253,Related,SQ02,0.48713983851730874,Related,SS82,0.47760506572662004,Related
O-42,SN4G,HYBRID+DICT,SN4G,1.0700039231457412,Equivalent,SN4J,0.7716491704863573,Narrower,SN41,0.7018106801208827,Narrower,SN5Y,0.6193125581355405,Narrower,SR15,0.5212776636851462,Related
O-43,SP9Y,HYBRID+DICT,SP9Y,0.88229135673012,Equivalent,SQ21,0.4999999986035086,Related,SQ03,0.45643472358795456,Related,SQ02,0.4280069137492559,Related,SS71,0.41707564105695966,Related
O-50,SN5Y,HYBRID+DICT,SN5Y,0.9739466118025817,Equivalent,SM51,0.49999999868983414,Related,SK6T,0.4896389906769663,Related,SM1B,0.47888986558409247,Related,SQ60,0.4627071013711349,Related
PC-9,SQ6Y,HYBRID+DICT,SQ6Y,1.1048001976004522,Equivalent,SS11,0.4999999986681246,Related,SM51,0.47183167788813946,Related,SM71,0.4691024283675823,Related,SM13,0.4667466500833567,Related
Q-7,SQ2Y,HYBRID+DICT,SQ2Y,0.9615363344389716,Equivalent,SM13,0.49999999857703,Related,SM1L,0.48802534762526745,Related,SS55,0.4860005443205745,Related,SL21,0.4828083388173395,Related
Q-9,SQ2Y,HYBRID+DICT,SQ2Y,1.0342550102202879,Equivalent,SN4W,0.4999999985919451,Related,SN45,0.4832991909775513,Related,SM51,0.4762431872539593,Related,SN07,0.47157980525010096,Related
Q-12,SQ2Y,HYBRID+DICT,SQ2Y,1.0078585533742985,Equivalent,SM13,0.49999999871890904,Related,SQ23,0.48608861605070314,Related,SN4F,0.48339402252280284,Related,SK98,0.46878708599298075,Related
R,SQ8Y,HYBRID+DICT,SQ8Y,1.031717982665331,Equivalent,SK53,0.49999999862055344,Related,SQ02,0.4938985936850301,Related,SM9B,0.4927693646987555,Related,SN4E,0.4830858191454205,Related
RA-1,SQ24,HYBRID+DICT,SQ24,0.9732448801053657,Equivalent,SS26,0.624243934825571,Narrower,SK00,0.5740603073722492,Related,SK55,0.5655927956907613,Related,SK64,0.5333065356121611,Related
RD-1,SS2E,HYBRID+DICT,SS2E,0.9951427255958074,Equivalent,SM81,0.822228823647856,Equivalent,SM7Y,0.7245222207803054,Narrower,SS10,0.6920435723788896,Narrower,SR5A,0.6691112289779189,Narrower
RD-3,SS29,HYBRID+DICT,SS29,1.04022135744142,Equivalent,SN5Y,0.8936721534643424,Equivalent,SP57,0.7308269803448691,Narrower,SL41,0.6925615371359026,Narrower,SN41,0.6861619935340748,Narrower
RD-11,SS23,HYBRID+DICT,SP4Y,0.9940476350480629,Equivalent,SS23,0.878608043157107,Equivalent,SK87,0.830627660047822,Equivalent,SM0Y,0.8099524383992764,Equivalent,SP9Y,0.7983659753924817,Narrower
VA-5,SS54,HYBRID+DICT,SS54,1.199999997968795,Equivalent,SS52,0.5448583571963506,Related,SS51,0.521297681252789,Related,SR17,0.5171162299783029,Related,SS56,0.515657156578486,Related
VA-6,SS55,HYBRID+DICT,SS55,1.1999999978473783,Equivalent,SS56,0.5780036553556049,Related,SS52,0.5470261626915827,Related,SR1A,0.5409959430394111,Related,SS50,0.5137115592815378,Related
VE-1.1,SS60,HYBRID+DICT,SS60,0.9999999945074531,Equivalent,SS62,0.41049381505935956,Related,SS61,0.39192828244935884,Weak,SQ02,0.3435810664110699,Weak,SN09,0.3311464885660563,Weak
VE-1.7,SS60,HYBRID+DICT,SS60,0.8707335519698597,Equivalent,SQ02,0.499999998780772,Related,SN4W,0.48257733381427853,Related,SQ21,0.46753284862641864,Related,SS17,0.42291198255309376,Related
VE-2.3,SS61,HYBRID+DICT,SS61,0.9607264102102282,Equivalent,SQ02,0.49999999859904637,Related,SS60,0.48828635848192325,Related,SN4W,0.476088774743772,Related,SS59,0.47213263688966894,Related
VE-2.5,SS61,HYBRID+DICT,SS61,0.9477471282759604,Equivalent,SS62,0.49999999878762474,Related,SS60,0.4889108862260692,Related,SM1L,0.43498216402722356,Related,SM13,0.42055633453671815,Related
VE-3.1,SS62,HYBRID+DICT,SS62,0.9999999959917574,Equivalent,SS60,0.49456165287160603,Related,SS61,0.42955403614387383,Related,SR85,0.3535219987154052,Weak,SQ21,0.3474235087073334,Weak
VE-3.2,SS62,HYBRID+DICT,SS62,0.9827764318235124,Equivalent,SS60,0.49999999893331265,Related,SS61,0.43162200783026544,Related,SQ21,0.38510557958410185,Weak,SS82,0.3729267322224207,Weak
