query_term,error_count
(a) bhedaḥ,6
(a) madaḥ,6
(a) vātaraktam,6
(a) carmadala-kuṣṭhaḥ,6
(a) karṇa-pratināhaḥ,5
(a) kṣavathuvegarodhaḥ,5
(a) sahaja-arśaḥ,4
(a) bahalavartma,4
(a) kalāyakhañjaḥ,4
(a) hanubhedaḥ,4
(a) utsaṅginī,4
(a) raktaja-arśaḥ (a) ārdra-arśaḥ,4
(a) upanāhaḥ,4
(a) jāṅgalamāṃsātyupayogaḥ,4
(a) śramaḥ,4
(a) saṅkocaḥ,4
(a) śaityam,4
(a) kaphaja-arśaḥ,4
(a) vidārikā,4
(a) alāsaḥ,4
(a) vātaja-arśaḥ (a) śuṣka-arśaḥ,4
(a) carmakuṣṭhaḥ,4
(a) sannipātajajvaraḥ,4
(a) kaphapittajajvaraḥ,4
(a)pratamakaśvāsaḥ,4
(a) atyānandā,4
(a) śyāvapiṇḍikā,4
(a) staimityam,4
(a) akālaśayanam,4
(a) vāmanatvam,4
(a) kapālavidradhiḥ,4
(a) karālaḥ,4
(a) ūṣmādhikyam,4
(a) amlakaḥ,4
(a) akṣipākaḥ,4
(a) divāsvapna-upadravaḥ,4
(a) vaṅkṣaṇānāhaḥ,4
(a) bāhuśoṣaḥ,4
(a) vācālatā,4
(a) trikagrahaḥ,4
(a) śukrakṣayaḥ,4
(a) valmīkaḥ,4
(a) varāhadaṃṣṭrakaḥ,4
(a) nyacchaḥ,4
(a) vātajapramehaḥ,4
(a) anuśayī,4
(a) svedavṛddhiḥ,4
(a) hāridramehaḥ,4
(a) āmaśophachedaḥ,4
(a) vraṇa-upadravaḥ,4
(a) utpātaḥ,4
(a) sidhmaḥ,4
(a) nīlamehaḥ,4
(a) snāyukarogaḥ,4
(a) piṣṭamehaḥ,4
(a) pittajakarṇarogaḥ,4
(a) vātajakarṇarogaḥ (a) vātajakarṇaśūla,4
(a) lavaṇamehaḥ,4
(a) surāmehaḥ,4
(a) śanairmehaḥ,4
(a) gambhīrā-dṛṣṭiḥ,4
(a) nakulāndhyam,4
(a) aṅgamardaḥ,4
(a) jānuviśleṣaḥ,4
(a) nābhija-arśaḥ,4
(a) dantaśaithilyam,4
(a) vātaparyāyaḥ,4
(a) sirāśukraḥ,4
(a) śākhāśrita-kāmalā,4
(a) halīmaka,4
(a) sannipātōdaraḥ-udararogaḥ,3
(a) lohitārma (a) kṣatārma,3
(a) baddhagudodaraḥ,3
(a) vāminī,3
(a) sūtikārogaḥ,3
"(a) tālupākaḥ, (a) tāluśothaḥ",3
(a) svaraghnam,3
(a) kṛmigranthiḥ,3
(a) aṇḍa-vṛddhiḥ,3
(a) amlādhyuṣitaḥ (a) amloṣita,3
(a) ghrāṇapākaḥ (a) nāsāpākaḥ,3
(a) pūyaraktam (a) pūyaśoṇitam,3
(a) dīptaḥ,3
(a) sānnipātajakarṇarogaḥ (a) sannipātika-karṇaśūlaḥ,3
(a) karṇārbudaḥ,3
"(a) ahipūtanā, (a) ahipūtanakaḥ",3
(a) jālagardabhaḥ,3
(a) pittaja-aśmarī,3
galavidradhiḥ,3
(a) majjāparipākaḥ,3
(a) galagrahaḥ,3
(a) hrasvakeśaḥ,3
(a) puṇḍarīkaḥ,3
(a) aśruvegarodhaḥ,3
(a) purīṣavegarodhaḥ,3
(a) vyavāyātiyogaḥ,3
(a) sarvasara mukharogaḥ,3
(a) udāvartinī,3
(a) antarāyāmaḥ,3
(a) dhātugatakuṣṭhaḥ,3
(a) kaṇḍūḥ,3
(a) matsyakāyaḥ (a) mātsyasattvaṃ,3
(a) asthikṣayaḥ,3
(a) vātāṣṭhīlā,3
(a) hṛddravaḥ,3
(a) pādabhraṃśaḥ,3
(a) daṇḍakaḥ,3
(a) asthiprabhedaḥ,3
(a) annāvṛtavātaḥ,3
(a) koṣṭhāśrita-kāmalā,3
(a) śālidhānya-atiyogaḥ,3
(a) ārtavakṣayaḥ,3
(a) tandrā,3
(a) māṃsakledaḥ,3
(a) daṇḍāpatānakaḥ,3
"(a) dhūmakaḥ, (a) dhūmodgāraḥ",3
(a) mūtrāvṛtavātaḥ,3
(a) malāvṛtavātaḥ,3
(a) pittāvṛtavyānavātaḥ,3
(a) sirāgrahaḥ,3
(a) sarvāṅgavātaḥ/(a) sarvāṅgarogaḥ,3
(a) vihāravaiṣamyam,3
(a) pāśavakāyaḥ (a) pāśavasattvaṃ,2
(a) brahmakāyaḥ (a) brāhmasattvaṃ,2
"(a) vātakhuḍḍatā, (a) vātakaṇṭakaḥ",2
"(a) kālamehaḥ, (a) kṛṣṇamehaḥ",2
(a) adhovātavegāvarodhaḥ,2
"(a) tālupiḍakā, (a) tālupiṭikā",2
(a) snāyvarma,2
(a) arasajñatā,2
(a) pūyālasaḥ,2
(a) yuvānapiḍakā,2
(a) asthiśoṣaḥ,2
(a) purīṣakṣayaḥ,2
(a) unmādaḥ,2
(a) carmakīlaḥ,2
(a) pāṣāṇagardabhaḥ,2
(a) medovṛddhiḥ,2
(a) pittāvṛta-samānavātaḥ,2
(a) pittavṛddhiḥ,2
(a) kaphavṛddhiḥ,2
(a) majjāvṛddhiḥ,2
"(a) kacchapaḥ, (a) kacchapī",1
(a) sānnipātika-kācaḥ,1
(a) galaughaḥ,1
(a) apacī,1
(a) gaṇḍamālā,1
(a) añjananāmikā,1
(a) prastāri-arma,1
(a) śuklārma,1
(a) savraṇaśukraḥ,1
(a) sirotpātaḥ,1
(a) sirāpraharṣaḥ (a) Sirāharṣaḥ,1
(a) nāḍīkalpana-vyāpat,1
(a) pratiśyāyaḥ (a) pīnasaḥ,1
(a) bhraṃśathuḥ,1
(a) karṇa-gūthakaḥ,1
(a) karṇa-vidradhiḥ,1
(a) dantaveṣṭakaḥ,1
(a) dantaghātaḥ,1
(a) kumāraśoṣaḥ,1
(a) kakṣāḥ,1
(a) gudabhraṃśaḥ,1
(a) śarkarārbudaḥ,1
(a) jaṅgamaviṣaḥ,1
(a) nidrānāśaḥ (a) asvapnaḥ,1
(a) tṛṣṇāvegarodhaḥ,1
(a) kṣudvegarodhaḥ,1
(a) adhruṣaḥ,1
(a) aśmarī,1
(a) asṛgdaraḥ (a) Raktapradar,1
(a) mūtravṛddhiḥ,1
(a) indraluptaḥ,1
(a) śūlaḥ,1
(a) mukhaśoṣaḥ,1
(a) chardiḥ,1
(a) apatantrakaḥ,1
(a) asādhya-ūrustambhaḥ,1
(a) ādhmānam,1
(a) bahirāyāmaḥ (a) bāhyāyāmaḥ (a) dhanuḥstambhaḥ,1
(a) pratitūnī,1
(a) kaphakṣayaḥ,1
(a) ojaḥkṣayaḥ,1
mūtrakṣayaḥ,1
(a) sāmamalaḥ,1
(a) yonikandaḥ,1
(a) kṣudrā hikkā,1
(a) atisāraḥ,1
(a) jvara,1
"(a) udumbara-kuṣṭhaḥ, (a) paittika-kuṣṭhaḥ",1
(a) yakr̥jjavidradhiḥ,1
(a) arbudaḥ,1
(a) netraja-arśaḥ,1
(a) alasaka,1
(a) lohitamehaḥ,1
(a) śūkarogaḥ,1
(a) mūtrotsaṅgaḥ,1
(a) lohitakṣayā,1
"(a) r̥ṣikāyaḥ (a) ṛṣisattvaṃ, (a) ārṣasattvaṃ",1
