query_term,num_unique_predictions
(a) carmadala-kuṣṭhaḥ,3
(a) bhedaḥ,3
(a) galagrahaḥ,3
(a) kṣavathuvegarodhaḥ,3
(a) raktaja-arśaḥ (a) ārdra-arśaḥ,3
(a) sarvasara mukharogaḥ,3
(a) vātaraktam,3
(a) karṇa-pratināhaḥ,3
(a) kaphaja-arśaḥ,3
(a) varāhadaṃṣṭrakaḥ,2
(a) valmīkaḥ,2
(a) vihāravaiṣamyam,2
(a) matsyakāyaḥ (a) mātsyasattvaṃ,2
(a) malāvṛtavātaḥ,2
(a) māṃsakledaḥ,2
(a) majjāvṛddhiḥ,2
(a) majjāparipākaḥ,2
(a) vaṅkṣaṇānāhaḥ,2
(a) utsaṅginī,2
(a) lohitārma (a) kṣatārma,2
(a) vidārikā,2
(a) vyavāyātiyogaḥ,2
(a) lavaṇamehaḥ,2
(a) vraṇa-upadravaḥ,2
(a) mūtrāvṛtavātaḥ,2
(a) kṛmigranthiḥ,2
(a) vācālatā,2
(a) vāmanatvam,2
(a) koṣṭhāśrita-kāmalā,2
(a) kaṇḍūḥ,2
(a) karṇārbudaḥ,2
(a) vāminī,2
(a) vātaja-arśaḥ (a) śuṣka-arśaḥ,2
(a) karālaḥ,2
(a) kapālavidradhiḥ,2
(a) utpātaḥ,2
(a) adhovātavegāvarodhaḥ,2
(a) nakulāndhyam,2
(a) pādabhraṃśaḥ,2
(a) svaraghnam,2
(a) sirāśukraḥ,2
(a) sirāgrahaḥ,2
(a) sidhmaḥ,2
(a) saṅkocaḥ,2
(a) sānnipātajakarṇarogaḥ (a) sannipātika-karṇaśūlaḥ,2
(a) sarvāṅgavātaḥ/(a) sarvāṅgarogaḥ,2
(a) sannipātōdaraḥ-udararogaḥ,2
(a) sannipātajajvaraḥ,2
(a) sahaja-arśaḥ,2
(a) pūyālasaḥ,2
(a) pūyaraktam (a) pūyaśoṇitam,2
(a) pāṣāṇagardabhaḥ,2
(a) sūtikārogaḥ,2
(a) puṇḍarīkaḥ,2
(a) kaphapittajajvaraḥ,2
(a) purīṣavegarodhaḥ,2
(a) purīṣakṣayaḥ,2
(a) tandrā,2
(a) trikagrahaḥ,2
(a) piṣṭamehaḥ,2
(a) pittāvṛtavyānavātaḥ,2
"(a) tālupākaḥ, (a) tāluśothaḥ",2
(a) pittajakarṇarogaḥ,2
(a) pittaja-aśmarī,2
(a) nīlamehaḥ,2
(a) udāvartinī,2
(a) nābhija-arśaḥ,2
(a) nyacchaḥ,2
(a) upanāhaḥ,2
(a) staimityam,2
(a) vātajakarṇarogaḥ (a) vātajakarṇaśūla,2
(a) vātajapramehaḥ,2
(a) carmakuṣṭhaḥ,2
(a) śanairmehaḥ,2
(a) kalāyakhañjaḥ,2
(a) bahalavartma,2
(a) baddhagudodaraḥ,2
(a) aṇḍa-vṛddhiḥ,2
(a) aṅgamardaḥ,2
(a) aśruvegarodhaḥ,2
(a) śukrakṣayaḥ,2
(a) atyānandā,2
(a) śyāvapiṇḍikā,2
(a) śākhāśrita-kāmalā,2
(a) śālidhānya-atiyogaḥ,2
(a) asthiprabhedaḥ,2
(a) asthikṣayaḥ,2
(a) arasajñatā,2
(a) ūṣmādhikyam,2
(a)pratamakaśvāsaḥ,2
(a) anuśayī,2
(a) antarāyāmaḥ,2
(a) annāvṛtavātaḥ,2
(a) amlādhyuṣitaḥ (a) amloṣita,2
(a) amlakaḥ,2
(a) alāsaḥ,2
galavidradhiḥ,2
(a) akṣipākaḥ,2
(a) akālaśayanam,2
"(a) ahipūtanā, (a) ahipūtanakaḥ",2
(a) bāhuśoṣaḥ,2
(a) śramaḥ,2
(a) carmakīlaḥ,2
(a) divāsvapna-upadravaḥ,2
(a) vātaparyāyaḥ,2
(a) jāṅgalamāṃsātyupayogaḥ,2
(a) jānuviśleṣaḥ,2
(a) jālagardabhaḥ,2
(a) vātāṣṭhīlā,2
(a) hṛddravaḥ,2
(a) hāridramehaḥ,2
(a) hrasvakeśaḥ,2
(a) hanubhedaḥ,2
(a) halīmaka,2
(a) ghrāṇapākaḥ (a) nāsāpākaḥ,2
(a) gambhīrā-dṛṣṭiḥ,2
(a) dīptaḥ,2
(a) yuvānapiḍakā,2
"(a) dhūmakaḥ, (a) dhūmodgāraḥ",2
(a) dhātugatakuṣṭhaḥ,2
(a) śaityam,2
(a) ārtavakṣayaḥ,2
(a) āmaśophachedaḥ,2
(a) dantaśaithilyam,2
(a) daṇḍāpatānakaḥ,2
(a) daṇḍakaḥ,2
(a) surāmehaḥ,2
(a) yonikandaḥ,1
(a) sānnipātika-kācaḥ,1
(a) śūlaḥ,1
(a) tṛṣṇāvegarodhaḥ,1
(a) ādhmānam,1
(a) śuklārma,1
(a) yakr̥jjavidradhiḥ,1
"(a) udumbara-kuṣṭhaḥ, (a) paittika-kuṣṭhaḥ",1
(a) unmādaḥ,1
(a) śūkarogaḥ,1
(a) sāmamalaḥ,1
(a) śarkarārbudaḥ,1
(a) svedavṛddhiḥ,1
"(a) tālupiḍakā, (a) tālupiṭikā",1
"(a) vātakhuḍḍatā, (a) vātakaṇṭakaḥ",1
(a) mūtrotsaṅgaḥ,1
(a) snāyvarma,1
(a) snāyukarogaḥ,1
(a) kaphakṣayaḥ,1
(a) kakṣāḥ,1
"(a) kacchapaḥ, (a) kacchapī",1
(a) jvara,1
(a) jaṅgamaviṣaḥ,1
(a) indraluptaḥ,1
(a) gudabhraṃśaḥ,1
(a) gaṇḍamālā,1
(a) galaughaḥ,1
(a) dantaveṣṭakaḥ,1
(a) dantaghātaḥ,1
(a) chardiḥ,1
(a) brahmakāyaḥ (a) brāhmasattvaṃ,1
(a) bhraṃśathuḥ,1
(a) bahirāyāmaḥ (a) bāhyāyāmaḥ (a) dhanuḥstambhaḥ,1
(a) aśmarī,1
(a) añjananāmikā,1
(a) atisāraḥ,1
(a) asṛgdaraḥ (a) Raktapradar,1
(a) asādhya-ūrustambhaḥ,1
(a) asthiśoṣaḥ,1
(a) arbudaḥ,1
(a) apatantrakaḥ,1
(a) apacī,1
(a) alasaka,1
(a) kaphavṛddhiḥ,1
(a) karṇa-gūthakaḥ,1
(a) karṇa-vidradhiḥ,1
(a) nāḍīkalpana-vyāpat,1
(a) sirāpraharṣaḥ (a) Sirāharṣaḥ,1
(a) sirotpātaḥ,1
(a) savraṇaśukraḥ,1
"(a) r̥ṣikāyaḥ (a) ṛṣisattvaṃ, (a) ārṣasattvaṃ",1
(a) pāśavakāyaḥ (a) pāśavasattvaṃ,1
(a) pratiśyāyaḥ (a) pīnasaḥ,1
(a) pratitūnī,1
(a) prastāri-arma,1
(a) pittāvṛta-samānavātaḥ,1
(a) pittavṛddhiḥ,1
(a) ojaḥkṣayaḥ,1
(a) nidrānāśaḥ (a) asvapnaḥ,1
(a) kumāraśoṣaḥ,1
(a) netraja-arśaḥ,1
(a) adhruṣaḥ,1
(a) mūtravṛddhiḥ,1
(a) mukhaśoṣaḥ,1
(a) medovṛddhiḥ,1
(a) madaḥ,1
(a) lohitamehaḥ,1
(a) lohitakṣayā,1
(a) kṣudvegarodhaḥ,1
(a) kṣudrā hikkā,1
"(a) kālamehaḥ, (a) kṛṣṇamehaḥ",1
mūtrakṣayaḥ,1
