namc_code,true_tm2_code,query_text,query_sanskrit_term,tfidf_base_top1_pred,tfidf_base_top1_score,tfidf_base_top1_correct,tfidf_base_true_rank,tfidf_rerank_top1_pred,tfidf_rerank_top1_score,tfidf_rerank_top1_correct,tfidf_rerank_true_rank,tfidf_rerank_fixed,tfidf_rerank_hurt
AAA-2.1,SR10,(a) vātaprakopaḥ (a) vātaprakopaḥ (a) vātaprakopaḥ (a) vātaprakopaḥ - It is characterized by abdominal pain and increased gaseous movements in abdomen. This may be explained by aggravation of vatadosha at its designated site and preparing to cause certain morbidity.,(a) vātaprakopaḥ,SR10,0.9999999943330837,True,1.0,SR10,1.2499999943330837,True,1,False,False
AAB-2,SQ05,"(a) anavasthitacittatvam (a) anavasthitacittatvam (a) anavasthitacittatvam (a) anavasthitacittatvam - It is characterised by difficulty to concentrate, fickleness, confusion. This may be explained by: (a) Vitiation of vata affecting the mind.",(a) anavasthitacittatvam,SQ05,0.9999999946560281,True,1.0,SQ05,1.249999994656028,True,1,False,False
AAB-3,SP9Y,(a) aṅgamardaḥ (a) aṅgamardaḥ (a) aṅgamardaḥ (a) aṅgamardaḥ - -,(a) aṅgamardaḥ,SP9Y,0.9999999560751421,True,1.0,SP9Y,1.249999956075142,True,1,False,False
AAB-7,SM1P,"(a) arasajñatā (a) arasajñatā (a) arasajñatā (a) arasajñatā - It is characterised by loss of taste which may be associated with loss of smell, anorexia, increased secretion of saliva. This may be explained by: (a) Impairment of digestive and metabolic factors affecting kapha residing on the tongue.",(a) arasajñatā,SR4L,0.9999999941629119,False,2.0,SM1P,1.0348444116675628,True,1,True,False
AAB-40,SP1Y,(a) jānuviśleṣaḥ (a) jānuviśleṣaḥ (a) jānuviśleṣaḥ (a) jānuviśleṣaḥ - -,(a) jānuviśleṣaḥ,SP1Y,0.9999999853658539,True,1.0,SP1Y,1.2499999853658539,True,1,False,False
AAB-46,SK30,(a) daṇḍakaḥ (a) daṇḍakaḥ (a) daṇḍakaḥ (a) daṇḍakaḥ - -,(a) daṇḍakaḥ,SK30,0.9999999897884648,True,1.0,SK30,1.2499999897884648,True,1,False,False
AAB-48,SM1Y,(a) dantaśaithilyam (a) dantaśaithilyam (a) dantaśaithilyam (a) dantaśaithilyam - -,(a) dantaśaithilyam,SM1Y,0.9999999773258553,True,1.0,SM1Y,1.2499999773258552,True,1,False,False
AAB-49,SN60,"(a) nakhabhedaḥ (a) nakhabhedaḥ (a) nakhabhedaḥ (a) nakhabhedaḥ - It is characterised by whitish, mica coloured discoloration, brittleness of nails. This may be explained by: (a) Vitiated digestive and metabolic factors resulting in non absorption of nutrients leading to vitiation of vatadosha.",(a) nakhabhedaḥ,SN60,0.9999999953489843,True,1.0,SN60,1.2499999953489844,True,1,False,False
AAB-50,SN7Y,(a) hrasvakeśaḥ (a) hrasvakeśaḥ (a) hrasvakeśaḥ (a) hrasvakeśaḥ - -,(a) hrasvakeśaḥ,SN7Y,0.9999999906167732,True,1.0,SN7Y,1.2499999906167734,True,1,False,False
AAB-54,SK5Y,(a) pādabhraṃśaḥ (a) pādabhraṃśaḥ (a) pādabhraṃśaḥ (a) pādabhraṃśaḥ - -,(a) pādabhraṃśaḥ,SK5Y,0.9999999824651934,True,1.0,SK5Y,1.2499999824651935,True,1,False,False
AAB-64,SP4Y,(a) bāhuśoṣaḥ (a) bāhuśoṣaḥ (a) bāhuśoṣaḥ (a) bāhuśoṣaḥ - -,(a) bāhuśoṣaḥ,SP4Y,0.9999999839730909,True,1.0,SP4Y,1.2499999839730909,True,1,False,False
AAB-66,SP9Y,(a) bhedaḥ (a) bhedaḥ (a) bhedaḥ (a) bhedaḥ - -,(a) bhedaḥ,SM37,0.9999999684893084,False,2.0,SM37,0.9999999684893084,False,2,False,False
AAB-74,SM1N,"(a) mukhaśoṣaḥ (a) mukhaśoṣaḥ (a) mukhaśoṣaḥ (a) mukhaśoṣaḥ - It is characterised by dryness of the tongue and may be associated with dryness of mouth, bitterness, heartburn. This may be explained by: (a) Vitiation of kapha, vata affecting the tongue.",(a) mukhaśoṣaḥ,SM1N,0.999999993384364,True,1.0,SM1N,1.249999993384364,True,1,False,False
AAB-80,SP1Y,(a) trikagrahaḥ (a) trikagrahaḥ (a) trikagrahaḥ (a) trikagrahaḥ - -,(a) trikagrahaḥ,SP1Y,0.9999999853658539,True,1.0,SP1Y,1.2499999853658539,True,1,False,False
AAB-86,SP9Y,(a) vācālatā (a) vācālatā (a) vācālatā (a) vācālatā - -,(a) vācālatā,SP9Y,0.9999999560751421,True,1.0,SP9Y,1.249999956075142,True,1,False,False
AAB-87,SP1Y,"(a) vātakhuḍḍatā, (a) vātakaṇṭakaḥ (a) vātakhuḍḍatā, (a) vātakaṇṭakaḥ (a) vātakhuḍḍatā, (a) vātakaṇṭakaḥ (a) vātakhuḍḍatā, (a) vātakaṇṭakaḥ - -","(a) vātakhuḍḍatā, (a) vātakaṇṭakaḥ",SP1Y,0.9999999915509717,True,1.0,SP1Y,1.2499999915509719,True,1,False,False
AAB-88,SP9Y,(a) vāmanatvam (a) vāmanatvam (a) vāmanatvam (a) vāmanatvam - -,(a) vāmanatvam,SP9Y,0.9999999560751421,True,1.0,SP9Y,1.249999956075142,True,1,False,False
AAB-93,SP4Y,(a) vaṅkṣaṇānāhaḥ (a) vaṅkṣaṇānāhaḥ (a) vaṅkṣaṇānāhaḥ (a) vaṅkṣaṇānāhaḥ - -,(a) vaṅkṣaṇānāhaḥ,SP4Y,0.9999999839730909,True,1.0,SP4Y,1.2499999839730909,True,1,False,False
AAB-97,SN03,"(a) śukrakṣayaḥ (a) śukrakṣayaḥ (a) śukrakṣayaḥ (a) śukrakṣayaḥ - It is characterised by decreased quantity and quality of semen, decreased sexual power, spermatorrhoea. This may be explained by: (a) Vitiation of all three dosha affecting male reproductive system.",(a) śukrakṣayaḥ,SN0Z,0.9999999952013018,False,4.0,SR4E,1.0176639142912578,False,3,False,False
AAB-100,SP9Y,(a) śaityam (a) śaityam (a) śaityam (a) śaityam - -,(a) śaityam,SP9Y,0.9999999560751421,True,1.0,SP9Y,1.249999956075142,True,1,False,False
AAB-103,SP9Y,(a) saṅkocaḥ (a) saṅkocaḥ (a) saṅkocaḥ (a) saṅkocaḥ - -,(a) saṅkocaḥ,SP9Y,0.9999999560751421,True,1.0,SP9Y,1.249999956075142,True,1,False,False
AAB-105,SP9Y,(a) śramaḥ (a) śramaḥ (a) śramaḥ (a) śramaḥ - -,(a) śramaḥ,SP9Y,0.9999999560751421,True,1.0,SP9Y,1.249999956075142,True,1,False,False
AAB-108,SP4Y,(a) hanubhedaḥ (a) hanubhedaḥ (a) hanubhedaḥ (a) hanubhedaḥ - -,(a) hanubhedaḥ,SP4Y,0.9999999839730909,True,1.0,SP4Y,1.2499999839730909,True,1,False,False
AAB-110,SL62,(a) hṛddravaḥ (a) hṛddravaḥ (a) hṛddravaḥ (a) hṛddravaḥ - It is characterised by feeling of increased beating of the heart which is within the notice of the patient with or without tachycardia. This may be explained by: (a) Vitiation of vata affecting the heart region.,(a) hṛddravaḥ,SR40,0.9999999916218767,False,5.0,SR40,0.9999999916218767,False,2,False,False
AAC-1,SK30,(a) antarāyāmaḥ (a) antarāyāmaḥ (a) antarāyāmaḥ (a) antarāyāmaḥ - -,(a) antarāyāmaḥ,SK30,0.9999999897884648,True,1.0,SK30,1.2499999897884648,True,1,False,False
AAC-2,SK30,(a) apatantrakaḥ (a) apatantrakaḥ (a) apatantrakaḥ (a) apatantrakaḥ - -,(a) apatantrakaḥ,SK30,0.9999999897884648,True,1.0,SK30,1.2499999897884648,True,1,False,False
AAC-5,SP0Y,(a) asthiprabhedaḥ (a) asthiprabhedaḥ (a) asthiprabhedaḥ (a) asthiprabhedaḥ - -,(a) asthiprabhedaḥ,SP0Y,0.9999999922246903,True,1.0,SP0Y,1.2499999922246903,True,1,False,False
AAC-6,SP00,"(a) asthiśoṣaḥ (a) asthiśoṣaḥ (a) asthiśoṣaḥ (a) asthiśoṣaḥ - It is characterised by atrophy, weakness of bones; may lead to fractures. This may be explained by: (a) Weak digestive and metabolic factors, bone metabolism, malnutrition leading to severe aggravation of vata and decrease of kapha.",(a) asthiśoṣaḥ,SR1C,0.9999999928367159,False,,SR1C,0.9999999928367159,False,4,False,False
AAC-7,SN08,"(a) vātāṣṭhīlā (a) vātāṣṭhīlā (a) vātāṣṭhīlā (a) vātāṣṭhīlā - It is characterised by increased frequency of urination, obstruction in passing urine, hesitancy, weak urinary stream. This may be explained by: (a) Vitiated vatadosha affecting urinary system.",(a) vātāṣṭhīlā,SM8Z,0.9999999952888237,False,2.0,SM8Z,0.9999999952888237,False,2,False,False
AAC-8,SP15,"(a) avabāhukaḥ (a) avabāhukaḥ (a) avabāhukaḥ (a) avabāhukaḥ - ""It is characterised by pain, stiffness and restricted movements of the shoulder joint. This may be explained by: (a) Increased vatadosha affecting the nerves and vessels of shoulder region.",(a) avabāhukaḥ,SP15,0.999999995640668,True,1.0,SP15,1.249999995640668,True,1,False,False
AAC-9.2,SK55,(a) asādhya-ūrustambhaḥ (a) asādhya-ūrustambhaḥ (a) asādhya-ūrustambhaḥ (a) asādhya-ūrustambhaḥ - -,(a) asādhya-ūrustambhaḥ,SK55,0.9999999972145747,True,1.0,SK55,1.2499999972145748,True,1,False,False
AAC-12,SM31,"(a) ādhmānam (a) ādhmānam (a) ādhmānam (a) ādhmānam - It is characterised by distension of abdomen, flatulance, gurlging sounds, heaviness may be associated with pain, dyspepsia, constipation and dysuria. This may be explained by: (a) Aggravation of Descending vata affecting the excretory functions.",(a) ādhmānam,SM31,0.9999999907477213,True,1.0,SM31,1.2499999907477213,True,1,False,False
AAC-13,SK30,(a) bahirāyāmaḥ (a) bāhyāyāmaḥ (a) dhanuḥstambhaḥ (a) bahirāyāmaḥ (a) bāhyāyāmaḥ (a) dhanuḥstambhaḥ (a) bahirāyāmaḥ (a) bāhyāyāmaḥ (a) dhanuḥstambhaḥ (a) bahirāyāmaḥ (a) bāhyāyāmaḥ (a) dhanuḥstambhaḥ - -,(a) bahirāyāmaḥ (a) bāhyāyāmaḥ (a) dhanuḥstambhaḥ,SK30,0.9999999954332627,True,1.0,SK30,1.2499999954332628,True,1,False,False
AAC-16,SK5Y,(a) kalāyakhañjaḥ (a) kalāyakhañjaḥ (a) kalāyakhañjaḥ (a) kalāyakhañjaḥ - -,(a) kalāyakhañjaḥ,SK5Y,0.9999999824651934,True,1.0,SK5Y,1.2499999824651935,True,1,False,False
AAC-239,SK30,(a) daṇḍāpatānakaḥ (a) daṇḍāpatānakaḥ (a) daṇḍāpatānakaḥ (a) daṇḍāpatānakaḥ - -,(a) daṇḍāpatānakaḥ,SK30,0.9999999897884648,True,1.0,SK30,1.2499999897884648,True,1,False,False
AAC-27,SM83,(a) pratitūnī (a) pratitūnī (a) pratitūnī (a) pratitūnī - -,(a) pratitūnī,SM83,0.9999999937445143,True,1.0,SM83,1.2499999937445143,True,1,False,False
AAC-38,SK22,(a) sarvāṅgavātaḥ/(a) sarvāṅgarogaḥ (a) sarvāṅgavātaḥ/(a) sarvāṅgarogaḥ (a) sarvāṅgavātaḥ/(a) sarvāṅgarogaḥ (a) sarvāṅgavātaḥ/(a) sarvāṅgarogaḥ - -,(a) sarvāṅgavātaḥ/(a) sarvāṅgarogaḥ,SK22,0.9999999947086599,True,1.0,SK22,0.9999999947086599,True,1,False,False
AAC-39,SL7Y,(a) sirāgrahaḥ (a) sirāgrahaḥ (a) sirāgrahaḥ (a) sirāgrahaḥ - -,(a) sirāgrahaḥ,SL7Y,0.9999999940756716,True,1.0,SL7Y,1.2499999940756716,True,1,False,False
AAD-2.7,SR20,(a) pittāvṛta-samānavātaḥ (a) pittāvṛta-samānavātaḥ (a) pittāvṛta-samānavātaḥ (a) pittāvṛta-samānavātaḥ - -,(a) pittāvṛta-samānavātaḥ,SR20,0.9999999822863443,True,1.0,SR20,1.2499999822863443,True,1,False,False
AAD-2.9,SR20,(a) pittāvṛtavyānavātaḥ (a) pittāvṛtavyānavātaḥ (a) pittāvṛtavyānavātaḥ (a) pittāvṛtavyānavātaḥ - -,(a) pittāvṛtavyānavātaḥ,SR20,0.9999999529221789,True,1.0,SR20,1.2499999529221788,True,1,False,False
AAD-4,SR20,(a) malāvṛtavātaḥ (a) malāvṛtavātaḥ (a) malāvṛtavātaḥ (a) malāvṛtavātaḥ - -,(a) malāvṛtavātaḥ,SR20,0.9999999529221789,True,1.0,SR20,1.2499999529221788,True,1,False,False
AAD-4.1,SR20,(a) mūtrāvṛtavātaḥ (a) mūtrāvṛtavātaḥ (a) mūtrāvṛtavātaḥ (a) mūtrāvṛtavātaḥ - -,(a) mūtrāvṛtavātaḥ,SR20,0.9999999529221789,True,1.0,SR20,1.2499999529221788,True,1,False,False
AAD-5,SR20,(a) annāvṛtavātaḥ (a) annāvṛtavātaḥ (a) annāvṛtavātaḥ (a) annāvṛtavātaḥ - -,(a) annāvṛtavātaḥ,SR20,0.9999999529221789,True,1.0,SR20,1.2499999529221788,True,1,False,False
ABA-1,SR16,(a) pittasañcayaḥ (a) pittasañcayaḥ (a) pittasañcayaḥ (a) pittasañcayaḥ - It is characterized by yellowish discoloration of body and mild raised body temperature. This may be explained by accumulation of pittadosha at the designated site.,(a) pittasañcayaḥ,SR16,0.9999999965308993,True,1.0,SR16,1.2499999965308994,True,1,False,False
ABA-2,SR17,"(a) pittavṛddhiḥ (a) pittavṛddhiḥ (a) pittavṛddhiḥ (a) pittavṛddhiḥ - It is characterized by yellowish discoloration of the body, increased body heat, desire for cold, reduced sleep, loss of consciousness, weakness of body and sense organs, yellowish discoloration of stool, urine and eyes. This may be explained by marked increase of pittadosha functions and consequent physiological and pathological ramifications.",(a) pittavṛddhiḥ,SR17,0.9999999930944193,True,1.0,SR17,1.2499999930944194,True,1,False,False
ABA-2.1,SR15,"(a) pittaprakopaḥ (a) pittaprakopaḥ (a) pittaprakopaḥ (a) pittaprakopaḥ - It is characterized by sour eructation, excessive thirst and burning sensation. This may be explained by aggravation of pittadosha at its designated site and preparing to cause certain morbidity.",(a) pittaprakopaḥ,SR15,0.9999999946492549,True,1.0,SR15,1.2499999946492548,True,1,False,False
ABB-1,SK7Y,(a) akṣipākaḥ (a) akṣipākaḥ (a) akṣipākaḥ (a) akṣipākaḥ - -,(a) akṣipākaḥ,SK7Y,0.9999999762939309,True,1.0,SK7Y,1.249999976293931,True,1,False,False
ABB-7,SM3Y,(a) amlakaḥ (a) amlakaḥ (a) amlakaḥ (a) amlakaḥ - -,(a) amlakaḥ,SM3Y,0.99999997933602,True,1.0,SM3Y,1.2499999793360201,True,1,False,False
ABB-10,SP9Y,(a) ūṣmādhikyam (a) ūṣmādhikyam (a) ūṣmādhikyam (a) ūṣmādhikyam - -,(a) ūṣmādhikyam,SP9Y,0.9999999560751421,True,1.0,SP9Y,1.249999956075142,True,1,False,False
ABB-25,SP9Y,"(a) dhūmakaḥ, (a) dhūmodgāraḥ (a) dhūmakaḥ, (a) dhūmodgāraḥ (a) dhūmakaḥ, (a) dhūmodgāraḥ (a) dhūmakaḥ, (a) dhūmodgāraḥ - -","(a) dhūmakaḥ, (a) dhūmodgāraḥ",SP9Y,0.999999974639971,True,1.0,SP9Y,1.249999974639971,True,1,False,False
ABB-29,SP2Y,(a) māṃsakledaḥ (a) māṃsakledaḥ (a) māṃsakledaḥ (a) māṃsakledaḥ - -,(a) māṃsakledaḥ,SP2Y,0.9999999929355883,True,1.0,SP2Y,1.2499999929355883,True,1,False,False
ACA-1,SR1B,(a) kaphasañcayaḥ (a) kaphasañcayaḥ (a) kaphasañcayaḥ (a) kaphasañcayaḥ - It is characterized by heaviness of the body and lethargy. This may be explained by accumulation of kapha at the designated site.,(a) kaphasañcayaḥ,SR1B,0.9999999973117605,True,1.0,SR1B,1.2499999973117606,True,1,False,False
ACA-2,SR1C,"(a) kaphavṛddhiḥ (a) kaphavṛddhiḥ (a) kaphavṛddhiḥ (a) kaphavṛddhiḥ - It is characterized by whitish discoloration of body, feeling of cold, reduced mobility of the body, heaviness of the body, fatigue, feeling of drowsiness, excessive sleep, loosening of joints. This may be explained by marked increase of kaphadosha functions and consequent physiological and pathological ramifications.",(a) kaphavṛddhiḥ,SR1C,0.9999999937839197,True,1.0,SR1C,1.2499999937839197,True,1,False,False
ACA-4,SR1E,"(a) kaphakṣayaḥ (a) kaphakṣayaḥ (a) kaphakṣayaḥ (a) kaphakṣayaḥ - It is characterized by dryness of body, burning sensation inside the body, laxity of joints, thirst, weakness, reduced sleep. This may be explained by marked decrease of pittadosha functions and consequent physiological and pathological ramifications.",(a) kaphakṣayaḥ,SR1E,0.999999994548021,True,1.0,SR1E,1.2499999945480211,True,1,False,False
ACB-15,SQ4Y,(a) tandrā (a) tandrā (a) tandrā (a) tandrā - -,(a) tandrā,SQ4Y,0.9999999892990166,True,1.0,SQ4Y,1.2499999892990166,True,1,False,False
ACB-27,SP9Y,(a) staimityam (a) staimityam (a) staimityam (a) staimityam - -,(a) staimityam,SP9Y,0.9999999560751421,True,1.0,SP9Y,1.249999956075142,True,1,False,False
BD-2,SP62,"(a) medovṛddhiḥ (a) medovṛddhiḥ (a) medovṛddhiḥ (a) medovṛddhiḥ - It is characterised by generalized increase of fatty tissue in the body and may be associated with hyperlipidemia. This may be explained by: (a) Impaired digestive and metabolic factors related to fat tissue, deranged vata, kapha",(a) medovṛddhiḥ,SR47,0.999999994652587,False,2.0,SR47,1.249999994652587,False,2,False,False
BE-1,SR4A,"(a) asthikṣayaḥ (a) asthikṣayaḥ (a) asthikṣayaḥ (a) asthikṣayaḥ - It is characterized by scalp hair fall, thinning, body hair fall, thinning, nail fall, thinning, beard, moustache fall, thinning, teeth fall, decaying, exhaustion, fatigue, dislocation of joint, lax joints, pain in the bones, gums and tooth, cracked teeth, cracked nail, dryness, roughness, dryness, pricking type of pain in the bones, desire to eat bony-meat. (a) This may be explained by morbid decrease bone tissue.",(a) asthikṣayaḥ,SR1S,0.999999993064479,False,4.0,SR4A,1.0047681550092737,True,1,True,False
BF-2,SR4B,"(a) majjāvṛddhiḥ (a) majjāvṛddhiḥ (a) majjāvṛddhiḥ (a) majjāvṛddhiḥ - It is characterized by heaviness of the whole body, heaviness and swelling of the eyes, redness of eyes, redness of body, furuncles at the base of small joints ,swollen phalanges, oliguria, and nonhealing ulcers. (a) This may be explained by morbid increase in bone marrow tissue.",(a) majjāvṛddhiḥ,SR4B,0.9999999958624451,True,1.0,SR4B,1.2499999958624453,True,1,False,False
BA-3.1,SR4K,"(a) ārtavakṣayaḥ (a) ārtavakṣayaḥ (a) ārtavakṣayaḥ (a) ārtavakṣayaḥ - It is characterized by menstruation not on proper time, metrorrhagia, scanty menstrual flow, pain in vagina. This may be explained by decrease in circulating fluid in turn causing quantitative decrease of menstrual flow.",(a) ārtavakṣayaḥ,SR4K,0.9999999973711872,True,1.0,SR4K,1.2499999973711873,True,1,False,False
BH-1,SR4F,"(a) ojaḥkṣayaḥ (a) ojaḥkṣayaḥ (a) ojaḥkṣayaḥ (a) ojaḥkṣayaḥ - It is characterized by fear, loss of physical strength or weakness, constantly thinking, distressed sense organs, sense organs not able to perform properly, diminished complexion, lack mental strength, dry, wasted, dried up, emaciated, syncope, attacks of swooning, extreme wasting of muscles, diminution of muscle mass, confusion, delirium, excess talking, irrelevant speech, incoherent speech, death. This may be explained by morbid decrease (quantitative) of ojas and consequent physiological and pathological ramifications.",(a) ojaḥkṣayaḥ,SR4F,0.9999999962471259,True,1.0,SR4F,1.249999996247126,True,1,False,False
CC-2,SN45,(a) svedavṛddhiḥ (a) svedavṛddhiḥ (a) svedavṛddhiḥ (a) svedavṛddhiḥ - It is characterised by excessive sweating. This may be explained by: (a) Increased pittadosha.,(a) svedavṛddhiḥ,SR84,0.9999999958003194,False,2.0,SR84,1.2499999958003194,False,2,False,False
CA-1,SR83,"mūtrakṣayaḥ mūtrakṣayaḥ mūtrakṣayaḥ mūtrakṣayaḥ - It is characterized by dysuria, pricking pain in urinary bladder, oliguria, discolouration of urine, hematuria, thirst and dryness of mouth. This may be explained by abnormal decrease in urine production resulting in local and systemic manifestations.",mūtrakṣayaḥ,SR83,0.9999999954024652,True,1.0,SR83,1.2499999954024652,True,1,False,False
CA-2,SR82,"(a) mūtravṛddhiḥ (a) mūtravṛddhiḥ (a) mūtravṛddhiḥ (a) mūtravṛddhiḥ - It is characterized by frequent micturition, pricking pain in urinary bladder, abdominal distension, feeling of urge even after micturition. This may be explained by abnormal increase in urine production resulting in local and systemic manifestations.",(a) mūtravṛddhiḥ,SR82,0.9999999950192032,True,1.0,SR82,1.2499999950192033,True,1,False,False
CB-1,SR81,"(a) purīṣakṣayaḥ (a) purīṣakṣayaḥ (a) purīṣakṣayaḥ (a) purīṣakṣayaḥ - It is characterized by gripping type of pain (colic), pain in the pericardial region, angina pectoris, pain in flanks, reverse intestinal movement of vāta associated with sound, oblique movement of vāta with sound in abdomen, increased bowel movements in flanks, less quantity of faeces. This may be explained by abnormal decrease in fecal production resulting in local and systemic manifestations.",(a) purīṣakṣayaḥ,SR81,0.9999999953966043,True,1.0,SR81,1.2499999953966043,True,1,False,False
CB-2,SR80,"(a) purīṣavṛddhiḥ (a) purīṣavṛddhiḥ (a) purīṣavṛddhiḥ (a) purīṣavṛddhiḥ - It is characterized by gurgling sound in flanks, heaviness and enlargement of abdomen. Gurgling sound in flanks to be changed to gurgling sounds in abdomen. This may be explained by abnormal accumulation of feces resulting in local and systemic manifestations.",(a) purīṣavṛddhiḥ,SR80,0.9999999952987335,True,1.0,SR80,1.2499999952987335,True,1,False,False
CB-3,SR86,"(a) sāmamalaḥ (a) sāmamalaḥ (a) sāmamalaḥ (a) sāmamalaḥ - It is characterized by obstruction in channels, diminution of physical strength, heaviness, lethargy, indigestion, spitting out, obstruction to passage of faeces, tastelessness and exhaustion without exertion. This may be explained by consequences incompletely formed stools due to diminished digestive fire.",(a) sāmamalaḥ,SR86,0.9999999932523902,True,1.0,SR86,1.2499999932523902,True,1,False,False
D,SS10,(a) agnivaiṣamyam (a) agnivaiṣamyam (a) agnivaiṣamyam (a) agnivaiṣamyam - It is characterized by derangement of digestive power. This may be explained by vitiation of digestive fire in turn resulting in local and systemic effects.,(a) agnivaiṣamyam,SS10,0.9999999978142508,True,1.0,SS10,1.2499999978142506,True,1,False,False
DB-2,SS11,(a) viṣamāgniḥ (a) viṣamāgniḥ (a) viṣamāgniḥ (a) viṣamāgniḥ - It is characterized by irregular digestion irrespective of quantity and quality of food. This may be explained by vitiation of digestive fire in turn resulting in erratic behavour of digestive system.,(a) viṣamāgniḥ,SS11,0.9999999960852175,True,1.0,SS11,1.2499999960852175,True,1,False,False
DB-4,SS14,"(a) atyagniḥ, (a) bhasmakaḥ (a) atyagniḥ, (a) bhasmakaḥ (a) atyagniḥ, (a) bhasmakaḥ (a) atyagniḥ, (a) bhasmakaḥ - It is characterized by severly increased state of digestive power leading to quick digestion of food despite of frequent and extra quantity intake. If food is not taken, leads to digestion of body tissues leading to weakness, succumbs to death, may be associated with thirst, difficulty in breathing, burning sensation, syncope, burning sensation in throat, palate, lips at the end of digestion. This may be explained by morbid increase of the digestive fire resulting accelerated metabolism to the extent that the tissues are also get affected.","(a) atyagniḥ, (a) bhasmakaḥ",SS14,0.9999999964377175,True,1.0,SS14,1.2499999964377175,True,1,False,False
EA-2.5,SM74,(a) kṣudrā hikkā (a) kṣudrā hikkā (a) kṣudrā hikkā (a) kṣudrā hikkā - -,(a) kṣudrā hikkā,SM74,0.9999999930495524,True,1.0,SM74,1.2499999930495524,True,1,False,False
EA-4.5.1,SL40,(a)pratamakaśvāsaḥ (a)pratamakaśvāsaḥ (a)pratamakaśvāsaḥ (a)pratamakaśvāsaḥ - -,(a)pratamakaśvāsaḥ,SL40,0.999999987661239,True,1.0,SL40,0.999999987661239,True,1,False,False
EB-1,SR59,"(a) annavahasrotoduṣṭiḥ (a) annavahasrotoduṣṭiḥ (a) annavahasrotoduṣṭiḥ (a) annavahasrotoduṣṭiḥ - It is characterized by disinclination for food, tastelessness, indigestion, vomiting. This may be explained by derangement (functional or anatomical or both) digestive tract.",(a) annavahasrotoduṣṭiḥ,SR59,0.9999999971894683,True,1.0,SR59,1.2499999971894682,True,1,False,False
EB-2,SM37,(a) atisāraḥ (a) atisāraḥ (a) atisāraḥ (a) atisāraḥ - It is characterised by passage of loose stools may or may not be mixed with blood and pus. This may be explained by: (a) Weakness of digestive and metabolic factors followed by increased vata moving the watery components downwards in the intestine.,(a) atisāraḥ,SM37,0.9999999922108104,True,1.0,SM37,1.2499999922108103,True,1,False,False
EB-3.9,SM3C,"(a) alasaka (a) alasaka (a) alasaka (a) alasaka - It is characterised by marked distension of abdomen, the undigested food remains in the stomach without getting evacuated from the body either by vomiting or by defecation. This may be explained by: (a) Loss of functionality of vata in stomach region.",(a) alasaka,SR86,0.9999999900382991,False,2.0,SM3C,1.1805256550327967,True,1,True,False
EB-6,SM3L,"(a) chardiḥ (a) chardiḥ (a) chardiḥ (a) chardiḥ - It is characterised by excessive vomiting. This may be explained by: (a) Weak digestive and metabolic factors, leading to primary product of digested food being vitiated by pitta, kapha and vata.",(a) chardiḥ,SM3J,0.9999999923773015,False,4.0,SM3L,1.0267458873813338,True,1,True,False
EB-8,SM3K,"(a) gulmaḥ (a) gulmaḥ (a) gulmaḥ (a) gulmaḥ - It is characterised by moving lump like swelling in the abdomen of various sizes and characters associated with abdominal pain, distension. This may be explained by: (a) Vitiation of digestive and metabolic factors, all the three dosha affecting stomach and intestines.",(a) gulmaḥ,SM3K,0.9999999945014787,True,1.0,SM3K,1.2499999945014788,True,1,False,False
EB-10,SM33,"(a) śūlaḥ (a) śūlaḥ (a) śūlaḥ (a) śūlaḥ - It is characterised by pain in abdomen, burning sensation, distension and flatulence. This may be explained by: (a) Vitiated dosha especially vatadosha affecting the abdominal organs.",(a) śūlaḥ,SP9Y,0.9999999888839158,False,2.0,SM33,1.072232211096149,True,1,True,False
EB-10.15,SM70,"(a) pārśvarujaḥ (a) pārśvaśūlaḥ (a) pārśvarujaḥ (a) pārśvaśūlaḥ (a) pārśvarujaḥ (a) pārśvaśūlaḥ (a) pārśvarujaḥ (a) pārśvaśūlaḥ - It is characterised by severe pain in both flanks. It may be asociated with restlessness, abdominal discomfort, lack of appetite, sleeplessness. This may be explained by: (a) Deranged digestive and metabolic factors, vitiated kapha, pitta and vata affecting the flanks.",(a) pārśvarujaḥ (a) pārśvaśūlaḥ,SM70,0.9999999958935245,True,1.0,SM70,0.9999999958935245,True,1,False,False
EC-3,SP51,(a) jvara (a) jvara (a) jvara (a) jvara - It is characterised by increased body temperature leading to disturbance in normal functions of the body. This may be explained by: (a) Any of the three dosha affecting the primary product of digested food.,(a) jvara,SP51,0.9999999947008763,True,1.0,SP51,1.2499999947008762,True,1,False,False
EC-3.2,SP54,"(a) vātikajvaraḥ (a) vātikajvaraḥ (a) vātikajvaraḥ (a) vātikajvaraḥ - It is characterised by body pain, blackish discoloration of body, irregular fever, constipation. This may be explained by: (a) Increased vata affecting the primary product of digested food and leading to weakness of digestive and metabolic factors.",(a) vātikajvaraḥ,SP54,0.9999999960593544,True,1.0,SP54,1.2499999960593544,True,1,False,False
EC-3.7,SP5Y,(a) kaphapittajajvaraḥ (a) kaphapittajajvaraḥ (a) kaphapittajajvaraḥ (a) kaphapittajajvaraḥ - -,(a) kaphapittajajvaraḥ,SP5Y,0.9999999745299017,True,1.0,SP5Y,1.2499999745299017,True,1,False,False
EC-3.8,SP5Y,(a) sannipātajajvaraḥ (a) sannipātajajvaraḥ (a) sannipātajajvaraḥ (a) sannipātajajvaraḥ - -,(a) sannipātajajvaraḥ,SP5Y,0.9999999745299017,True,1.0,SP5Y,1.2499999745299017,True,1,False,False
ED-2.2,SP99,"(a) kaṇḍūḥ (a) kaṇḍūḥ (a) kaṇḍūḥ (a) kaṇḍūḥ - It is characterised by itching of the body without the appearance of eruptions or rashes. This may be explained by: (a) Excess of vitiated kapha, pitta affecting the skin",(a) kaṇḍūḥ,SR40,0.9999999908745344,False,,SR40,0.9999999908745344,False,2,False,False
ED-3.1,SM41,(a) koṣṭhāśrita-kāmalā (a) koṣṭhāśrita-kāmalā (a) koṣṭhāśrita-kāmalā (a) koṣṭhāśrita-kāmalā - -,(a) koṣṭhāśrita-kāmalā,SM41,0.9999999852623995,True,1.0,SM41,1.2499999852623995,True,1,False,False
ED-3.3,SM41,(a) śākhāśrita-kāmalā (a) śākhāśrita-kāmalā (a) śākhāśrita-kāmalā (a) śākhāśrita-kāmalā - -,(a) śākhāśrita-kāmalā,SM41,0.9999999852623995,True,1.0,SM41,1.2499999852623995,True,1,False,False
ED-3.5,SM41,(a) halīmaka (a) halīmaka (a) halīmaka (a) halīmaka - -,(a) halīmaka,SM41,0.9999999594506365,True,1.0,SM41,1.2499999594506366,True,1,False,False
ED-4.2.3,SN49,"(a) udumbara-kuṣṭhaḥ, (a) paittika-kuṣṭhaḥ (a) udumbara-kuṣṭhaḥ, (a) paittika-kuṣṭhaḥ (a) udumbara-kuṣṭhaḥ, (a) paittika-kuṣṭhaḥ (a) udumbara-kuṣṭhaḥ, (a) paittika-kuṣṭhaḥ - -","(a) udumbara-kuṣṭhaḥ, (a) paittika-kuṣṭhaḥ",SN49,0.999999995806417,True,1.0,SN49,1.249999995806417,True,1,False,False
ED-4.2.6,SN49,(a) puṇḍarīkaḥ (a) puṇḍarīkaḥ (a) puṇḍarīkaḥ (a) puṇḍarīkaḥ - -,(a) puṇḍarīkaḥ,SN49,0.9999999862406193,True,1.0,SN49,1.2499999862406193,True,1,False,False
ED-4.2.7,SN4A,"(a) sidhmaḥ (a) sidhmaḥ (a) sidhmaḥ (a) sidhmaḥ - It is characterised by roughening and hardening of part of skin, whitish scaling, less itching, dryness of skin. This may be explained by: (a) Vitiated vatadosha and kapadosha affecting the skin.",(a) sidhmaḥ,SN42,0.9999999946144212,False,3.0,SN42,0.9999999946144212,False,2,False,False
ED-4.3.2,SN5Y,(a) carmakuṣṭhaḥ (a) carmakuṣṭhaḥ (a) carmakuṣṭhaḥ (a) carmakuṣṭhaḥ - -,(a) carmakuṣṭhaḥ,SN5Y,0.9999999580578922,True,1.0,SN5Y,1.2499999580578922,True,1,False,False
ED-4.3.7,SN5Y,(a) carmadala-kuṣṭhaḥ (a) carmadala-kuṣṭhaḥ (a) carmadala-kuṣṭhaḥ (a) carmadala-kuṣṭhaḥ - -,(a) carmadala-kuṣṭhaḥ,SN49,0.999999989097903,False,3.0,SN49,0.999999989097903,False,2,False,False
ED-4.4,SN49,"(a) dhātugatakuṣṭhaḥ (a) dhātugatakuṣṭhaḥ (a) dhātugatakuṣṭhaḥ (a) dhātugatakuṣṭhaḥ - It is characterised by hypopigmented patches of the skin, loss of sensation, deformity and derangement of shape of the organs with or without purulent discharge. This may be explained by: (a) Vitiation of all the three dosha and seven tissues.",(a) dhātugatakuṣṭhaḥ,SR40,0.9999999914554171,False,,SR40,0.9999999914554171,False,5,False,False
ED-8,SP11,(a) vātaraktam (a) vātaraktam (a) vātaraktam (a) vātaraktam - -,(a) vātaraktam,SP14,0.9999999953911222,False,2.0,SP14,0.9999999953911222,False,2,False,False
ED-9.7.9,SM40,"(a) yakr̥jjavidradhiḥ (a) yakr̥jjavidradhiḥ (a) yakr̥jjavidradhiḥ (a) yakr̥jjavidradhiḥ - It is characterised by heaviness, tenderness at the site of the liver, associated with loss of appetite, breathlessness, hiccoughs, restlessness, high fever, pain, redness of face and eyes. This may be explained by: (a) Aggravation of pitta resulting in painful suppurative swelling in the liver.",(a) yakr̥jjavidradhiḥ,SM40,0.9999999959318616,True,1.0,SM40,1.2499999959318617,True,1,False,False
ED-19,SN47,"(a) snāyukarogaḥ (a) snāyukarogaḥ (a) snāyukarogaḥ (a) snāyukarogaḥ - It is characterised by ulceration of eruptions, a red thread like worm comes out from it which is quite long and its length gradually increases. This may be explained by: (a) Unhygienic conditions leading to vitiation of kapha, blood, skin making susceptible for worm infestation.",(a) snāyukarogaḥ,SQ50,0.9999999957126173,False,2.0,SQ50,0.9999999957126173,False,2,False,False
EE-1,SR52,"(a) māṃsavahasrotoduṣṭiḥ (a) māṃsavahasrotoduṣṭiḥ (a) māṃsavahasrotoduṣṭiḥ (a) māṃsavahasrotoduṣṭiḥ - It is characterized by swelling, varicose veins, death, emaciation of muscles, excessive growth in muscle tissue, tumour, goiter and cervical lymphadenitis. This may be explained by derangement of channels (functional or anatomical or both) carrying muscle tissue elements.",(a) māṃsavahasrotoduṣṭiḥ,SR52,0.9999999972092937,True,1.0,SR52,1.2499999972092937,True,1,False,False
EE-2,SP72,"(a) arbudaḥ (a) arbudaḥ (a) arbudaḥ (a) arbudaḥ - It is characterised by uncontrolled spreading of swellings associated with multiple constitutional symptoms like weight loss, severe exhaustion. This may be explained by: (a) Involvement of all the three vitiated humours, seven elementary tissues.",(a) arbudaḥ,SP72,0.999999991641155,True,1.0,SP72,1.249999991641155,True,1,False,False
EE-3.4,SM53,(a) vātaja-arśaḥ (a) śuṣka-arśaḥ (a) vātaja-arśaḥ (a) śuṣka-arśaḥ (a) vātaja-arśaḥ (a) śuṣka-arśaḥ (a) vātaja-arśaḥ (a) śuṣka-arśaḥ - -,(a) vātaja-arśaḥ (a) śuṣka-arśaḥ,SM53,0.9999999926048797,True,1.0,SM53,0.9999999926048797,True,1,False,False
EE-3.6,SM53,(a) kaphaja-arśaḥ (a) kaphaja-arśaḥ (a) kaphaja-arśaḥ (a) kaphaja-arśaḥ - -,(a) kaphaja-arśaḥ,SM53,0.9999999909433779,True,1.0,SM53,1.2499999909433779,True,1,False,False
EE-3.7,SM53,(a) raktaja-arśaḥ (a) ārdra-arśaḥ (a) raktaja-arśaḥ (a) ārdra-arśaḥ (a) raktaja-arśaḥ (a) ārdra-arśaḥ (a) raktaja-arśaḥ (a) ārdra-arśaḥ - -,(a) raktaja-arśaḥ (a) ārdra-arśaḥ,SM53,0.9999999925984252,True,1.0,SM53,0.9999999925984252,True,1,False,False
EE-3.10,SM53,(a) sahaja-arśaḥ (a) sahaja-arśaḥ (a) sahaja-arśaḥ (a) sahaja-arśaḥ - -,(a) sahaja-arśaḥ,SM53,0.9999999906361415,True,1.0,SM53,1.2499999906361414,True,1,False,False
EE-3.13,SM7Y,(a) nābhija-arśaḥ (a) nābhija-arśaḥ (a) nābhija-arśaḥ (a) nābhija-arśaḥ - -,(a) nābhija-arśaḥ,SM7Y,0.9999999899116494,True,1.0,SM7Y,1.2499999899116494,True,1,False,False
EE-3.16,SK6S,"(a) netraja-arśaḥ (a) netraja-arśaḥ (a) netraja-arśaḥ (a) netraja-arśaḥ - It is characterised by growth in periorbital region. This may be explained by: (a)Morbid dosha vitiating the skin, muscle and adipose tissue causing muscular growths in the eye.",(a) netraja-arśaḥ,SK6S,0.9999999969641532,True,1.0,SK6S,1.2499999969641533,True,1,False,False
EE-4.4,SP70,"(a) medojagranthi (a) medojagranthi (a) medojagranthi (a) medojagranthi - It is characterised by solitary or multiple soft lipoid lump like swellings under the skin. This may be explained by: (a) Deranged digestive and metabolic factors, vitiation of kapha and fatty tissue.",(a) medojagranthi,SP70,0.9999999933546299,True,1.0,SP70,1.24999999335463,True,1,False,False
EF-1,SR53,"(a) medovahasrotoduṣṭiḥ (a) medovahasrotoduṣṭiḥ (a) medovahasrotoduṣṭiḥ (a) medovahasrotoduṣṭiḥ - It is characterized by perspiration, oiliness of the body, dryness of the palate, non-pitting oedema and thirst. This may be explained by derangement of channels (functional or anatomical or both) fatty tissue elements.",(a) medovahasrotoduṣṭiḥ,SR53,0.9999999956399257,True,1.0,SR53,1.2499999956399257,True,1,False,False
EF-2.2.8,SM8D,(a) śanairmehaḥ (a) śanairmehaḥ (a) śanairmehaḥ (a) śanairmehaḥ - -,(a) śanairmehaḥ,SM8D,0.9999999769586638,True,1.0,SM8D,1.2499999769586638,True,1,False,False
EF-2.2.11,SM8D,(a) surāmehaḥ (a) surāmehaḥ (a) surāmehaḥ (a) surāmehaḥ - -,(a) surāmehaḥ,SM8D,0.9999999769586638,True,1.0,SM8D,1.2499999769586638,True,1,False,False
EF-2.2.12,SM8D,(a) lavaṇamehaḥ (a) lavaṇamehaḥ (a) lavaṇamehaḥ (a) lavaṇamehaḥ - -,(a) lavaṇamehaḥ,SM8D,0.9999999769586638,True,1.0,SM8D,1.2499999769586638,True,1,False,False
EF-2.2.13,SM8D,(a) piṣṭamehaḥ (a) piṣṭamehaḥ (a) piṣṭamehaḥ (a) piṣṭamehaḥ - -,(a) piṣṭamehaḥ,SM8D,0.9999999769586638,True,1.0,SM8D,1.2499999769586638,True,1,False,False
EF-2.3.2,SM8D,"(a) kālamehaḥ, (a) kṛṣṇamehaḥ (a) kālamehaḥ, (a) kṛṣṇamehaḥ (a) kālamehaḥ, (a) kṛṣṇamehaḥ (a) kālamehaḥ, (a) kṛṣṇamehaḥ - -","(a) kālamehaḥ, (a) kṛṣṇamehaḥ",SM8D,0.9999999866970782,True,1.0,SM8D,1.2499999866970781,True,1,False,False
EF-2.3.3,SM8D,(a) nīlamehaḥ (a) nīlamehaḥ (a) nīlamehaḥ (a) nīlamehaḥ - -,(a) nīlamehaḥ,SM8D,0.9999999769586638,True,1.0,SM8D,1.2499999769586638,True,1,False,False
EF-2.3.4,SM8A,(a) lohitamehaḥ (a) lohitamehaḥ (a) lohitamehaḥ (a) lohitamehaḥ - It is characterised by passing of blood in the urine. This may be explained by: (a) Vitiation of pitta and blood affecting urinary tract.,(a) lohitamehaḥ,SM8A,0.9999999941885483,True,1.0,SM8A,1.2499999941885482,True,1,False,False
EF-2.3.6,SM8D,(a) hāridramehaḥ (a) hāridramehaḥ (a) hāridramehaḥ (a) hāridramehaḥ - -,(a) hāridramehaḥ,SM8D,0.9999999769586638,True,1.0,SM8D,1.2499999769586638,True,1,False,False
EF-2.4,SM8D,(a) vātajapramehaḥ (a) vātajapramehaḥ (a) vātajapramehaḥ (a) vātajapramehaḥ - -,(a) vātajapramehaḥ,SM8D,0.9999999769586638,True,1.0,SM8D,1.2499999769586638,True,1,False,False
EG-1,SR54,"(a) asthivahasrotoduṣṭiḥ (a) asthivahasrotoduṣṭiḥ (a) asthivahasrotoduṣṭiḥ (a) asthivahasrotoduṣṭiḥ - It is characterized by excess aggravation of vata, severe localized and, or generalised body pains, weight loss, extra growth of bone and teeth, deformities in nail and nail bed, deformities in hairs and moustache, splitting pain in bone and toothache. This may be explained by derangement of channels (functional or anatomical or both) enriching bone tissue elements.",(a) asthivahasrotoduṣṭiḥ,SR54,0.9999999970592358,True,1.0,SR54,1.249999997059236,True,1,False,False
EH-2,SP0Y,(a) majjāparipākaḥ (a) majjāparipākaḥ (a) majjāparipākaḥ (a) majjāparipākaḥ - -,(a) majjāparipākaḥ,SP0Y,0.9999999922246903,True,1.0,SP0Y,1.2499999922246903,True,1,False,False
EI-1,SR56,"(a) śukravahasrotoduṣṭiḥ (a) śukravahasrotoduṣṭiḥ (a) śukravahasrotoduṣṭiḥ (a) śukravahasrotoduṣṭiḥ - It is characterized by inability to perform sexual act, impotence, lack of sexual arousal, birth of diseased offspring, progeny, birth of impotent offspring, birth of offspring with reduced lifespan, birth of offspring with deformities, infertility, abortion, miscarriage, delayed ejaculation, blood tinged semen, no semen on ejaculation. This may be explained by derangement of channels (functional or anatomical or both) enriching seminal fluid.",(a) śukravahasrotoduṣṭiḥ,SR56,0.9999999956664942,True,1.0,SR56,1.2499999956664942,True,1,False,False
EI-4,SN00,(a) śūkarogaḥ (a) śūkarogaḥ (a) śūkarogaḥ (a) śūkarogaḥ - -,(a) śūkarogaḥ,SN00,0.9999999934418661,True,1.0,SN00,1.249999993441866,True,1,False,False
EI-6.9,SN0Y,(a) aṇḍa-vṛddhiḥ (a) aṇḍa-vṛddhiḥ (a) aṇḍa-vṛddhiḥ (a) aṇḍa-vṛddhiḥ - -,(a) aṇḍa-vṛddhiḥ,SN0Y,0.9999999953646432,True,1.0,SN0Y,1.2499999953646432,True,1,False,False
EJ-1,SR5B,(a) mūtravahasrotoduṣṭiḥ (a) mūtravahasrotoduṣṭiḥ (a) mūtravahasrotoduṣṭiḥ (a) mūtravahasrotoduṣṭiḥ - It is characterized by burning sensation in penis. This may be explained by derangement of channels (functional or anatomical or both) urine.,(a) mūtravahasrotoduṣṭiḥ,SR5B,0.9999999952360398,True,1.0,SR5B,1.2499999952360397,True,1,False,False
EJ-2,SM8C,"(a) aśmarī (a) aśmarī (a) aśmarī (a) aśmarī - It is characterised by pain in loins and groin, difficulty in micturition, burning micturition. This may be explained by: (a) Vatadosha drying up the kapha in the urinary tract.",(a) aśmarī,SM8C,0.9999999949172746,True,1.0,SM8C,1.2499999949172746,True,1,False,False
EJ-2.3,SM8C,(a) pittaja-aśmarī (a) pittaja-aśmarī (a) pittaja-aśmarī (a) pittaja-aśmarī - -,(a) pittaja-aśmarī,SM8C,0.9999999961996581,True,1.0,SM8C,1.2499999961996582,True,1,False,False
EJ-3.3,SM88,(a) mūtrotsaṅgaḥ (a) mūtrotsaṅgaḥ (a) mūtrotsaṅgaḥ (a) mūtrotsaṅgaḥ - -,(a) mūtrotsaṅgaḥ,SM88,0.9999999937551102,True,1.0,SM88,1.24999999375511,True,1,False,False
EJ-3.9,SM88,(a) vātakuṇḍalikā (a) vātakuṇḍalikā (a) vātakuṇḍalikā (a) vātakuṇḍalikā - It is characterised by dribbling of urine. This may be explained by: (a) Vitiated vata affecting the urinary bladder.,(a) vātakuṇḍalikā,SM88,0.9999999963686445,True,1.0,SM88,1.2499999963686443,True,1,False,False
EJ-3.11,SN09,(a) mūtraśukraḥ (a) mūtraśukraḥ (a) mūtraśukraḥ (a) mūtraśukraḥ - It is characterised by abnormal uncontrolled emission of semen with erotic thoughts or during passing of urine. This may be explained by: (a) Vitiated vata pushing semen along with urine.,(a) mūtraśukraḥ,SN09,0.9999999937912063,True,1.0,SN09,1.2499999937912063,True,1,False,False
EK-4.5,SM32,(a) sannipātōdaraḥ-udararogaḥ (a) sannipātōdaraḥ-udararogaḥ (a) sannipātōdaraḥ-udararogaḥ (a) sannipātōdaraḥ-udararogaḥ - -,(a) sannipātōdaraḥ-udararogaḥ,SM32,0.9999999959558179,True,1.0,SM32,1.249999995955818,True,1,False,False
EK-4.6,SM42,"(a) yakṛddālyudaraḥ (a) yakṛddālyudaraḥ (a) yakṛddālyudaraḥ (a) yakṛddālyudaraḥ - It is characterised by enlargement of liver, may be associated with anorexia, nausea, vomiting, weakness, blackish discolouration of skin, breathlessness. This may be explained by: (a) Vitiation of blood and pitta affecting the liver.",(a) yakṛddālyudaraḥ,SM42,0.9999999926264364,True,1.0,SM42,1.2499999926264365,True,1,False,False
EK-4.7,SM32,(a) baddhagudodaraḥ (a) baddhagudodaraḥ (a) baddhagudodaraḥ (a) baddhagudodaraḥ - -,(a) baddhagudodaraḥ,SM32,0.9999999862189334,True,1.0,SM32,1.2499999862189335,True,1,False,False
EL-2.6,SM9Y,(a) atyānandā (a) atyānandā (a) atyānandā (a) atyānandā - -,(a) atyānandā,SM9Y,0.9999999782609025,True,1.0,SM9Y,1.2499999782609024,True,1,False,False
EL-2.10,SM96,"(a) udāvartinī (a) udāvartinī (a) udāvartinī (a) udāvartinī - It is characterised by painful menstruation, pain in groin region, backache, nausea and vomiting; relief of pain after menstruation; may be associated with discharge frothy menstrual fluid with clots. This may be explained by: (a) Vitiation of kapha, vata affecting nutritional fluid, blood.",(a) udāvartinī,SR1A,0.9999999913845308,False,3.0,SR1A,0.9999999913845308,False,2,False,False
EL-2.12,SN12,(a) jātaghnī (a) jātaghnī (a) jātaghnī (a) jātaghnī - It is characterised by three or more consecutive spontaneous abortions. This may be explained by: (a) Vitiated Vata affecting the uterus.,(a) jātaghnī,SN12,0.9999999935286872,True,1.0,SN12,1.2499999935286872,True,1,False,False
EL-2.13,SM97,"(a) lohitakṣayā (a) lohitakṣayā (a) lohitakṣayā (a) lohitakṣayā - It is characterised by decreased blood flow during menstrual period. This may be explained by: (a) Vitiated vata affecting the nutritional fluid, blood in uterus region.",(a) lohitakṣayā,SM97,0.9999999950139284,True,1.0,SM97,1.2499999950139284,True,1,False,False
EL-2.22,SM94,(a) vāminī (a) vāminī (a) vāminī (a) vāminī - -,(a) vāminī,SM94,0.999999986373232,True,1.0,SM94,1.2499999863732318,True,1,False,False
EL-2.27,SM92,"(a) yonikandaḥ (a) yonikandaḥ (a) yonikandaḥ (a) yonikandaḥ - It is characterised by a tuberous pear like swelling in the vaginal region may be associated with pus discharge, fistual formation. This may be explained by: (a) Vitiated pitta affecting skin, muscle and fat tissue.",(a) yonikandaḥ,SM92,0.9999999935034003,True,1.0,SM92,1.2499999935034003,True,1,False,False
EL-4,SM98,(a) asṛgdaraḥ (a) Raktapradar (a) asṛgdaraḥ (a) Raktapradar (a) asṛgdaraḥ (a) Raktapradar (a) asṛgdaraḥ (a) Raktapradar - It is characterised by increase in the duration of menstrual period and the quantity of blood loss. This may be explained by: (a) Vititiation of pitta and blood.,(a) asṛgdaraḥ (a) Raktapradar,SM98,0.9999999937752939,True,1.0,SM98,0.9999999937752939,True,1,False,False
EL-9,SN1Y,(a) sūtikārogaḥ (a) sūtikārogaḥ (a) sūtikārogaḥ (a) sūtikārogaḥ - -,(a) sūtikārogaḥ,SN1Y,0.9999999917609002,True,1.0,SN1Y,1.2499999917609002,True,1,False,False
EM-1,SR5E,"(a) manovahasrotoduṣṭiḥ (a) manovahasrotoduṣṭiḥ (a) manovahasrotoduṣṭiḥ (a) manovahasrotoduṣṭiḥ - It is characterized by perversion of mind, intellect, consciousness, knowledge, memory, desire, manners, behaviour and conduct. This may be explained by derangement of channels (functional or anatomical or both) aiding mental functions.",(a) manovahasrotoduṣṭiḥ,SR5E,0.999999996695554,True,1.0,SR5E,1.249999996695554,True,1,False,False
EM-2,SQ03,"(a) unmādaḥ (a) unmādaḥ (a) unmādaḥ (a) unmādaḥ - It is characterised by confused state of mind, change in behaviour, irritability, loss of intelligence,. This may be explained by: (a) Caused by the aggravated dosha vitiating the sense organs, mind and intellect.",(a) unmādaḥ,SR5E,0.9999999922077617,False,2.0,SR5E,0.9999999922077617,False,2,False,False
EM-6,SQ2Y,(a) madaḥ (a) madaḥ (a) madaḥ (a) madaḥ - -,(a) madaḥ,SQ22,0.9999999951314748,False,2.0,SQ22,1.2499999951314749,False,2,False,False
EM-9,SQ10,"(a) mana-santāpaḥ (a) mana-santāpaḥ (a) mana-santāpaḥ (a) mana-santāpaḥ - It is characterised by mild fever, confusion, restlessness, anxiety, mind and body fatigue. This may be explained by: (a) Agitated rajoguna, tamoguna leading to.",(a) mana-santāpaḥ,SQ10,0.9999999971039941,True,1.0,SQ10,1.2499999971039941,True,1,False,False
FA,SK50,"(a) kapāla-rogaḥ (a) kapāla-rogaḥ (a) kapāla-rogaḥ (a) kapāla-rogaḥ - It is characterised by headache, heaviness around eyes, hairloss, bleeding per nasal cavity, dryness of throat, ear. This may be explained by: (a) vitiated doshas localising the scalp",(a) kapāla-rogaḥ,SK50,0.9999999958725718,True,1.0,SK50,1.2499999958725718,True,1,False,False
FA-2,SN73,"(a) akālapalitaḥ (a) akālapalitaḥ (a) akālapalitaḥ (a) akālapalitaḥ - It is characterised by untimely greying of the hair. This may be explained by: (a) Increased pitta, vata cause premature greying of the hair.",(a) akālapalitaḥ,SN73,0.9999999980888553,True,1.0,SN73,1.2499999980888554,True,1,False,False
FA-3,SN71,(a) khālityam (a) khālityam (a) khālityam (a) khālityam - It is characterised by falling of scalp hair. This may be explained by: (a) Aggravated vata and pitta affecting the hair roots followed by closure of hair root.,(a) khālityam,SN71,0.999999994580759,True,1.0,SN71,1.249999994580759,True,1,False,False
FA-7,SP9Y,(a) kapālavidradhiḥ (a) kapālavidradhiḥ (a) kapālavidradhiḥ (a) kapālavidradhiḥ - -,(a) kapālavidradhiḥ,SP9Y,0.9999999560751421,True,1.0,SP9Y,1.249999956075142,True,1,False,False
GA-1,SM1M,(a) vātaja-oṣṭhaprakopaḥ (a) vātaja-oṣṭhaprakopaḥ (a) vātaja-oṣṭhaprakopaḥ (a) vātaja-oṣṭhaprakopaḥ - It is characterised by chapped dry lips. This may be explained by: (a) Vitiation of vatadosha affecting the lips.,(a) vātaja-oṣṭhaprakopaḥ,SM1M,0.9999999960391442,True,1.0,SM1M,1.2499999960391444,True,1,False,False
GB-3,SM13,"(a) dantaveṣṭakaḥ (a) dantaveṣṭakaḥ (a) dantaveṣṭakaḥ (a) dantaveṣṭakaḥ - It is characterised by foul smelling breath, loose teeth with pain, swollen gums, bleeding, discharge of pus. This may be explained by: (a) Vitiated blood affecting the roots of teeth.",(a) dantaveṣṭakaḥ,SM13,0.9999999937025174,True,1.0,SM13,1.2499999937025175,True,1,False,False
GB-11,SM1Y,(a) karālaḥ (a) karālaḥ (a) karālaḥ (a) karālaḥ - -,(a) karālaḥ,SM1Y,0.9999999773258553,True,1.0,SM1Y,1.2499999773258552,True,1,False,False
GD-4,SM1Y,(a) alāsaḥ (a) alāsaḥ (a) alāsaḥ (a) alāsaḥ - -,(a) alāsaḥ,SM1Y,0.9999999773258553,True,1.0,SM1Y,1.2499999773258552,True,1,False,False
GE-2,SM19,"(a) galagrahaḥ (a) galagrahaḥ (a) galagrahaḥ (a) galagrahaḥ - It is characterised by pain, burning sensation in throat,fever, difficulty in breathing and swallowing due to swelling in pharynx and larynx or muscles of upper part of the oesophagus. This may be explained by: (a) Vitiation of all the three dosha, blood, muscle in throat region.",(a) galagrahaḥ,SL08,0.9999999939871845,False,2.0,SM19,1.04446919174306,True,1,True,False
GE-4,SM17,"(a) adhruṣaḥ (a) adhruṣaḥ (a) adhruṣaḥ (a) adhruṣaḥ - It is characterised by pain, swelling and redness in the palate. This may be explained by: (a) Vitiation of kapha, blood, muscles in palate region.",(a) adhruṣaḥ,SM17,0.9999999938420148,True,1.0,SM17,1.2499999938420148,True,1,False,False
GE-5,SM1Y,"(a) kacchapaḥ, (a) kacchapī (a) kacchapaḥ, (a) kacchapī (a) kacchapaḥ, (a) kacchapī (a) kacchapaḥ, (a) kacchapī - -","(a) kacchapaḥ, (a) kacchapī",SM1Y,0.9999999869090763,True,1.0,SM1Y,1.2499999869090763,True,1,False,False
GE-10,SP9Y,"(a) tālupākaḥ, (a) tāluśothaḥ (a) tālupākaḥ, (a) tāluśothaḥ (a) tālupākaḥ, (a) tāluśothaḥ (a) tālupākaḥ, (a) tāluśothaḥ - -","(a) tālupākaḥ, (a) tāluśothaḥ",SP9Y,0.999999974639971,True,1.0,SP9Y,1.249999974639971,True,1,False,False
GE-11,SM1Y,"(a) tālupiḍakā, (a) tālupiṭikā (a) tālupiḍakā, (a) tālupiṭikā (a) tālupiḍakā, (a) tālupiṭikā (a) tālupiḍakā, (a) tālupiṭikā - -","(a) tālupiḍakā, (a) tālupiṭikā",SM1Y,0.9999999869090763,True,1.0,SM1Y,1.2499999869090763,True,1,False,False
GF-1,SL04,"(a) rohiṇī (a) rohiṇī (a) rohiṇī (a) rohiṇī - It is characterised by inflammation of throat, difficulty in swallowing and dry cough. This may be explained by: (a) Vitiation of all the three dosha which localise near the base of the tongue.",(a) rohiṇī,SL04,0.9999999935785042,True,1.0,SL04,1.2499999935785042,True,1,False,False
GF-9,SL0Y,galavidradhiḥ galavidradhiḥ galavidradhiḥ galavidradhiḥ - -,galavidradhiḥ,SL0Y,0.9999999918428216,True,1.0,SL0Y,1.2499999918428215,True,1,False,False
GF-10,SL05,(a) galaughaḥ (a) galaughaḥ (a) galaughaḥ (a) galaughaḥ - -,(a) galaughaḥ,SL05,0.999999994950848,True,1.0,SL05,1.249999994950848,True,1,False,False
GF-11,SL03,(a) svaraghnam (a) svaraghnam (a) svaraghnam (a) svaraghnam - -,(a) svaraghnam,SL03,0.9999999930781047,True,1.0,SL03,1.2499999930781047,True,1,False,False
GF-14,SM00,(a) apacī (a) apacī (a) apacī (a) apacī - It is characterised by inflammatory swelling associated with mild pain occurring in axilla and groin. This may be explained by: (a) Accumulation of vitiated adipose tissue in various parts of the body.,(a) apacī,SM00,0.999999993914229,True,1.0,SM00,1.249999993914229,True,1,False,False
GF-17,SL08,"(a) gaṇḍamālā (a) gaṇḍamālā (a) gaṇḍamālā (a) gaṇḍamālā - It is characterised by string of hard, glossy, painless nodular or elongated skin coloured swollen glands around the neck, throat which slowly suppurate and form fistulous tracts. This may be explained by: (a) Vitiation of kapha, blood, muscle tissue in throat region.",(a) gaṇḍamālā,SL08,0.9999999968359662,True,1.0,SL08,1.249999996835966,True,1,False,False
GG,SM1Y,(a) sarvasara mukharogaḥ (a) sarvasara mukharogaḥ (a) sarvasara mukharogaḥ (a) sarvasara mukharogaḥ - -,(a) sarvasara mukharogaḥ,SP91,0.9999999891607075,False,2.0,SM1Y,1.05297350299038,True,1,True,False
HA-1,SK68,(a) pūyālasaḥ (a) pūyālasaḥ (a) pūyālasaḥ (a) pūyālasaḥ - It is characterised by swelling over medial canthus with pus discharge and foul smell. Inability to rotate the eyeball due to papules in the inner lower eyelid associated with flow of tears continuously. This may be explained by: (a) Vitiated dosha obstructing lacrymal passage.,(a) pūyālasaḥ,SK68,0.9999999912935104,True,1.0,SK68,1.2499999912935102,True,1,False,False
HA-2,SK7Y,(a) upanāhaḥ (a) upanāhaḥ (a) upanāhaḥ (a) upanāhaḥ - -,(a) upanāhaḥ,SK7Y,0.9999999762939309,True,1.0,SK7Y,1.249999976293931,True,1,False,False
HA-6,SK62,(a) kṛmigranthiḥ (a) kṛmigranthiḥ (a) kṛmigranthiḥ (a) kṛmigranthiḥ - -,(a) kṛmigranthiḥ,SK62,0.9999999937706808,True,1.0,SK62,1.2499999937706807,True,1,False,False
HB-1,SK7Y,(a) utsaṅginī (a) utsaṅginī (a) utsaṅginī (a) utsaṅginī - -,(a) utsaṅginī,SK7Y,0.9999999762939309,True,1.0,SK7Y,1.249999976293931,True,1,False,False
HB-7,SK6P,"(a) añjananāmikā (a) añjananāmikā (a) añjananāmikā (a) añjananāmikā - It is characterised by hard and spindle shaped swelling, pain, redness at the root of eyelashes may be associated with pus discharge. This may be explained by: (a) Vitiation of blood affecting the eyelid.",(a) añjananāmikā,SK6P,0.9999999932824072,True,1.0,SK6P,1.2499999932824073,True,1,False,False
HB-8,SK7Y,(a) bahalavartma (a) bahalavartma (a) bahalavartma (a) bahalavartma - -,(a) bahalavartma,SK7Y,0.9999999762939309,True,1.0,SK7Y,1.249999976293931,True,1,False,False
HB-18,SK6H,(a) vartmagata-raktārśaḥ (a) vartmagata-raktārśaḥ (a) vartmagata-raktārśaḥ (a) vartmagata-raktārśaḥ - It is characterised by wart like growth in the external surface of eyelids. This may be explained by: (a) Vitiated blood affecting the eyelid,(a) vartmagata-raktārśaḥ,SK6H,0.9999999974252936,True,1.0,SK6H,1.2499999974252936,True,1,False,False
HD-1,SK6C,(a) prastāri-arma (a) prastāri-arma (a) prastāri-arma (a) prastāri-arma - It is characterised by muscular growth from the inner canthus towards cornea leadind to loss of vision if it reaches the pupil. This may be explained by: (a) Vitiated dosha causing muscular growth over the sclera.,(a) prastāri-arma,SK6C,0.9999999950836272,True,1.0,SK6C,1.2499999950836274,True,1,False,False
HD-2,SK6C,(a) śuklārma (a) śuklārma (a) śuklārma (a) śuklārma - -,(a) śuklārma,SK6C,0.9999999934136675,True,1.0,SK6C,1.2499999934136676,True,1,False,False
HD-3,SK6C,(a) lohitārma (a) kṣatārma (a) lohitārma (a) kṣatārma (a) lohitārma (a) kṣatārma (a) lohitārma (a) kṣatārma - -,(a) lohitārma (a) kṣatārma,SK6C,0.999999996197379,True,1.0,SK6C,0.999999996197379,True,1,False,False
HD-5,SK66,(a) snāyvarma (a) snāyvarma (a) snāyvarma (a) snāyvarma - -,(a) snāyvarma,SK66,0.9999999813977754,True,1.0,SK66,1.2499999813977754,True,1,False,False
HE-1,SK67,(a) savraṇaśukraḥ (a) savraṇaśukraḥ (a) savraṇaśukraḥ (a) savraṇaśukraḥ - -,(a) savraṇaśukraḥ,SK67,0.9999999930267536,True,1.0,SK67,1.2499999930267536,True,1,False,False
HE-5,SK7Y,(a) sirāśukraḥ (a) sirāśukraḥ (a) sirāśukraḥ (a) sirāśukraḥ - -,(a) sirāśukraḥ,SK7Y,0.9999999762939309,True,1.0,SK7Y,1.249999976293931,True,1,False,False
HF-4,SK6R,(a) aśophapākaḥ (a) aśophapākaḥ (a) aśophapākaḥ (a) aśophapākaḥ - It is characterised by abrupt mild eye swelling. This may be explained by: (a) Vitiation of all three dosha affecting the whole eye.,(a) aśophapākaḥ,SK6R,0.9999999953000406,True,1.0,SK6R,1.2499999953000405,True,1,False,False
HF-6,SK7Y,(a) vātaparyāyaḥ (a) vātaparyāyaḥ (a) vātaparyāyaḥ (a) vātaparyāyaḥ - -,(a) vātaparyāyaḥ,SK7Y,0.9999999762939309,True,1.0,SK7Y,1.249999976293931,True,1,False,False
HF-9,SK7Y,(a) amlādhyuṣitaḥ (a) amloṣita (a) amlādhyuṣitaḥ (a) amloṣita (a) amlādhyuṣitaḥ (a) amloṣita (a) amlādhyuṣitaḥ (a) amloṣita - -,(a) amlādhyuṣitaḥ (a) amloṣita,SK7Y,0.9999999863132945,True,1.0,SK7Y,1.2499999863132945,True,1,False,False
HF-10,SK60,(a) sirotpātaḥ (a) sirotpātaḥ (a) sirotpātaḥ (a) sirotpātaḥ - -,(a) sirotpātaḥ,SK60,0.9999999936286983,True,1.0,SK60,1.2499999936286983,True,1,False,False
HF-11,SK60,(a) sirāpraharṣaḥ (a) Sirāharṣaḥ (a) sirāpraharṣaḥ (a) Sirāharṣaḥ (a) sirāpraharṣaḥ (a) Sirāharṣaḥ (a) sirāpraharṣaḥ (a) Sirāharṣaḥ - It is characterised by appearance of reddish blood vessels over the sclera. This may be explained by: (a) Vitiated blood,(a) sirāpraharṣaḥ (a) Sirāharṣaḥ,SK60,0.9999999958273409,True,1.0,SK60,0.9999999958273409,True,1,False,False
HG-2.5,SK65,(a) sānnipātika-kācaḥ (a) sānnipātika-kācaḥ (a) sānnipātika-kācaḥ (a) sānnipātika-kācaḥ - -,(a) sānnipātika-kācaḥ,SK65,0.9999999966773856,True,1.0,SK65,1.2499999966773856,True,1,False,False
HG-6,SK64,(a) rātryāndhyam (a) kaphavidagdhadṛṣṭi (a) rātryāndhyam (a) kaphavidagdhadṛṣṭi (a) rātryāndhyam (a) kaphavidagdhadṛṣṭi (a) rātryāndhyam (a) kaphavidagdhadṛṣṭi - It is characterised by loss of vision during night. This may be explained by: (a) Vitiated kapha affecting the vision.,(a) rātryāndhyam (a) kaphavidagdhadṛṣṭi,SK64,0.9999999958722173,True,1.0,SK64,0.9999999958722173,True,1,False,False
HG-10,SK7Y,(a) nakulāndhyam (a) nakulāndhyam (a) nakulāndhyam (a) nakulāndhyam - -,(a) nakulāndhyam,SK7Y,0.9999999762939309,True,1.0,SK7Y,1.249999976293931,True,1,False,False
HG-11,SK7Y,(a) gambhīrā-dṛṣṭiḥ (a) gambhīrā-dṛṣṭiḥ (a) gambhīrā-dṛṣṭiḥ (a) gambhīrā-dṛṣṭiḥ - -,(a) gambhīrā-dṛṣṭiḥ,SK7Y,0.9999999863132945,True,1.0,SK7Y,1.2499999863132945,True,1,False,False
I-1,SK95,"(a) pratiśyāyaḥ (a) pīnasaḥ (a) pratiśyāyaḥ (a) pīnasaḥ (a) pratiśyāyaḥ (a) pīnasaḥ (a) pratiśyāyaḥ (a) pīnasaḥ - It is characterised by swelling, redness of nasal mucosa, moistness and watery discharge, pain, loss of smell. This may be explained by: (a) Increased vata pushing the kapha outwards through the nose.",(a) pratiśyāyaḥ (a) pīnasaḥ,SK95,0.9999999878789605,True,1.0,SK95,0.9999999878789605,True,1,False,False
I-5,SK96,(a) ghrāṇasrāvaḥ (a) nāsāsrāvaḥ (a) ghrāṇasrāvaḥ (a) nāsāsrāvaḥ (a) ghrāṇasrāvaḥ (a) nāsāsrāvaḥ (a) ghrāṇasrāvaḥ (a) nāsāsrāvaḥ - It is characterised by watery discharge from the nose may be associated with loss of smell. This may be explained by: (a) Vitiation of the kaphadosha and vatadosha.,(a) ghrāṇasrāvaḥ (a) nāsāsrāvaḥ,SK96,0.9999999956555095,True,1.0,SK96,0.9999999956555095,True,1,False,False
I-7,SK95,(a) ghrāṇapākaḥ (a) nāsāpākaḥ (a) ghrāṇapākaḥ (a) nāsāpākaḥ (a) ghrāṇapākaḥ (a) nāsāpākaḥ (a) ghrāṇapākaḥ (a) nāsāpākaḥ - -,(a) ghrāṇapākaḥ (a) nāsāpākaḥ,SK95,0.9999999923418132,True,1.0,SK95,0.9999999923418132,True,1,False,False
I-10,SK95,(a) pūyaraktam (a) pūyaśoṇitam (a) pūyaraktam (a) pūyaśoṇitam (a) pūyaraktam (a) pūyaśoṇitam (a) pūyaraktam (a) pūyaśoṇitam - -,(a) pūyaraktam (a) pūyaśoṇitam,SK95,0.9999999923418132,True,1.0,SK95,0.9999999923418132,True,1,False,False
I-13,SK9Y,(a) dīptaḥ (a) dīptaḥ (a) dīptaḥ (a) dīptaḥ - -,(a) dīptaḥ,SK9Y,0.999999993087946,True,1.0,SK9Y,1.249999993087946,True,1,False,False
I-14,SK96,(a) bhraṃśathuḥ (a) bhraṃśathuḥ (a) bhraṃśathuḥ (a) bhraṃśathuḥ - -,(a) bhraṃśathuḥ,SK96,0.999999993198793,True,1.0,SK96,1.2499999931987928,True,1,False,False
J-1,SK8Y,(a) vātajakarṇarogaḥ (a) vātajakarṇaśūla (a) vātajakarṇarogaḥ (a) vātajakarṇaśūla (a) vātajakarṇarogaḥ (a) vātajakarṇaśūla (a) vātajakarṇarogaḥ (a) vātajakarṇaśūla - -,(a) vātajakarṇarogaḥ (a) vātajakarṇaśūla,SK8Y,0.999999989093463,True,1.0,SK8Y,0.999999989093463,True,1,False,False
J-2,SK8Y,(a) pittajakarṇarogaḥ (a) pittajakarṇarogaḥ (a) pittajakarṇarogaḥ (a) pittajakarṇarogaḥ - -,(a) pittajakarṇarogaḥ,SK8Y,0.999999981109324,True,1.0,SK8Y,1.2499999811093239,True,1,False,False
J-4,SK8Y,(a) sānnipātajakarṇarogaḥ (a) sannipātika-karṇaśūlaḥ (a) sānnipātajakarṇarogaḥ (a) sannipātika-karṇaśūlaḥ (a) sānnipātajakarṇarogaḥ (a) sannipātika-karṇaśūlaḥ (a) sānnipātajakarṇarogaḥ (a) sannipātika-karṇaśūlaḥ - -,(a) sānnipātajakarṇarogaḥ (a) sannipātika-karṇaśūlaḥ,SK8Y,0.9999999913967691,True,1.0,SK8Y,0.9999999913967691,True,1,False,False
J-8,SK85,"(a) karṇa-gūthakaḥ (a) karṇa-gūthakaḥ (a) karṇa-gūthakaḥ (a) karṇa-gūthakaḥ - It is characterised by presence of wax in the ear that becomes viscous and hard thereby causing hindrance in hearing. This may be explained by: (a) Vitiation of kapha, vata affecting ear.",(a) karṇa-gūthakaḥ,SK85,0.9999999965634138,True,1.0,SK85,1.2499999965634139,True,1,False,False
J-11,SK8Y,(a) karṇa-pratināhaḥ (a) karṇa-pratināhaḥ (a) karṇa-pratināhaḥ (a) karṇa-pratināhaḥ - -,(a) karṇa-pratināhaḥ,SK86,0.9999999907885919,False,2.0,SK8Y,1.025517502411569,True,1,True,False
J-12,SK80,"(a) karṇa-vidradhiḥ (a) karṇa-vidradhiḥ (a) karṇa-vidradhiḥ (a) karṇa-vidradhiḥ - It is characterised by painful suppurative swelling in the ear region. This may be explained by: (a) Aggravation of pitta affecting skin, fat, muscle tissue in the ear region resulting in swelling and suppuration.",(a) karṇa-vidradhiḥ,SK80,0.9999999965758388,True,1.0,SK80,1.2499999965758388,True,1,False,False
J-15,SK8Y,(a) karṇārbudaḥ (a) karṇārbudaḥ (a) karṇārbudaḥ (a) karṇārbudaḥ - -,(a) karṇārbudaḥ,SK8Y,0.999999981109324,True,1.0,SK8Y,1.2499999811093239,True,1,False,False
JA-1,SK8Y,(a) utpātaḥ (a) utpātaḥ (a) utpātaḥ (a) utpātaḥ - -,(a) utpātaḥ,SK8Y,0.999999981109324,True,1.0,SK8Y,1.2499999811093239,True,1,False,False
K-8,SN9Y,(a) vraṇa-upadravaḥ (a) vraṇa-upadravaḥ (a) vraṇa-upadravaḥ (a) vraṇa-upadravaḥ - -,(a) vraṇa-upadravaḥ,SN9Y,0.9999999908327719,True,1.0,SN9Y,1.249999990832772,True,1,False,False
LF-1,SN9Y,(a) āmaśophachedaḥ (a) āmaśophachedaḥ (a) āmaśophachedaḥ (a) āmaśophachedaḥ - -,(a) āmaśophachedaḥ,SN9Y,0.9999999790172553,True,1.0,SN9Y,1.2499999790172553,True,1,False,False
MA,SN1Y,(a) nāḍīkalpana-vyāpat (a) nāḍīkalpana-vyāpat (a) nāḍīkalpana-vyāpat (a) nāḍīkalpana-vyāpat - -,(a) nāḍīkalpana-vyāpat,SN1Y,0.9999999952431534,True,1.0,SN1Y,1.2499999952431535,True,1,False,False
MD-2,SM12,"(a) dantaghātaḥ (a) dantaghātaḥ (a) dantaghātaḥ (a) dantaghātaḥ - It is characterised by grinding of teeth during sleep. This may be explained by: (a) Vitiation of vata, kapha affecting oral cavity.",(a) dantaghātaḥ,SM12,0.999999994742232,True,1.0,SM12,1.249999994742232,True,1,False,False
MD-5,SN5Y,"(a) ahipūtanā, (a) ahipūtanakaḥ (a) ahipūtanā, (a) ahipūtanakaḥ (a) ahipūtanā, (a) ahipūtanakaḥ (a) ahipūtanā, (a) ahipūtanakaḥ - -","(a) ahipūtanā, (a) ahipūtanakaḥ",SN5Y,0.9999999757847123,True,1.0,SN5Y,1.2499999757847124,True,1,False,False
MD-12,SR00,"(a) kumāraśoṣaḥ (a) kumāraśoṣaḥ (a) kumāraśoṣaḥ (a) kumāraśoṣaḥ - It is characterised by emaciation, lack of appetite, unctuous, pale face, eyes; may be associated with fever, dry cough, cyanosis of tongue. This may be explained by: (a) Obstruction of channels due to breast milk vitiated by kapha.",(a) kumāraśoṣaḥ,SR00,0.9999999939338237,True,1.0,SR00,1.2499999939338235,True,1,False,False
O-3,SP9Y,(a) anuśayī (a) anuśayī (a) anuśayī (a) anuśayī - -,(a) anuśayī,SP9Y,0.9999999560751421,True,1.0,SP9Y,1.249999956075142,True,1,False,False
O-12,SN4T,(a) kakṣāḥ (a) kakṣāḥ (a) kakṣāḥ (a) kakṣāḥ - -,(a) kakṣāḥ,SN4T,0.9999999942221246,True,1.0,SN4T,1.2499999942221245,True,1,False,False
O-18,SM55,(a) gudabhraṃśaḥ (a) gudabhraṃśaḥ (a) gudabhraṃśaḥ (a) gudabhraṃśaḥ - It is characterised by rectum or a part of rectum descending through the anus and inflammation of the rectal muscles. This may be explained by: (a) Vitiated vata affecting the rectal region.,(a) gudabhraṃśaḥ,SM55,0.9999999950260461,True,1.0,SM55,1.249999995026046,True,1,False,False
O-19,SN4S,"(a) carmakīlaḥ (a) carmakīlaḥ (a) carmakīlaḥ (a) carmakīlaḥ - It is characterised by hard nail like eruptions of variable shapes and sizes appearing on the surface of skin. This may be explained by: (a) Weak digestive and metabolic factors, vitiation of primary product of digested food leading to vitiation of vata affecting the blood, muscle, fat and skin.",(a) carmakīlaḥ,SR40,0.9999999935196815,False,3.0,SN4S,1.055486862969135,True,1,True,False
O-22,SM0Y,(a) jālagardabhaḥ (a) jālagardabhaḥ (a) jālagardabhaḥ (a) jālagardabhaḥ - -,(a) jālagardabhaḥ,SM0Y,0.9999999909260746,True,1.0,SM0Y,1.2499999909260746,True,1,False,False
O-24,SN5Y,(a) nyacchaḥ (a) nyacchaḥ (a) nyacchaḥ (a) nyacchaḥ - -,(a) nyacchaḥ,SN5Y,0.9999999580578922,True,1.0,SN5Y,1.2499999580578922,True,1,False,False
O-32,SM1D,"(a) pāṣāṇagardabhaḥ (a) pāṣāṇagardabhaḥ (a) pāṣāṇagardabhaḥ (a) pāṣāṇagardabhaḥ - It is characterised by pain, heaviness, burning sensation in the parotid region. This may be explained by: (a) Vitiation of pitta, vata, kapha affecting root of the ear.",(a) pāṣāṇagardabhaḥ,SR15,0.9999999927897268,False,2.0,SM1D,1.2462570014939398,True,1,True,False
O-35,SN4V,"(a) yuvānapiḍakā (a) yuvānapiḍakā (a) yuvānapiḍakā (a) yuvānapiḍakā - It is characterised by small, milky white eruptions appear on face, especially on cheeks and nose during adolescence. This may be explained by: (a) Aggravation of pitta, kapha affecting fatty tissue.",(a) yuvānapiḍakā,SR17,0.9999999924191368,False,2.0,SN4V,1.2475353119024821,True,1,True,False
O-39,SN90,"(a) indraluptaḥ (a) indraluptaḥ (a) indraluptaḥ (a) indraluptaḥ - It is characterised by falling of hair in the form of patches from scalp, beard and eyebrows leaving shiny patches. This may be explained by: (a) Aggravated vatadosha and pittadosha affecting the hair roots.",(a) indraluptaḥ,SN7Y,0.9999999921589298,False,3.0,SN90,1.140568883289209,True,1,True,False
O-40,SN5Y,(a) varāhadaṃṣṭrakaḥ (a) varāhadaṃṣṭrakaḥ (a) varāhadaṃṣṭrakaḥ (a) varāhadaṃṣṭrakaḥ - -,(a) varāhadaṃṣṭrakaḥ,SN5Y,0.9999999580578922,True,1.0,SN5Y,1.2499999580578922,True,1,False,False
O-41,SN5Y,(a) valmīkaḥ (a) valmīkaḥ (a) valmīkaḥ (a) valmīkaḥ - -,(a) valmīkaḥ,SN5Y,0.9999999580578922,True,1.0,SN5Y,1.2499999580578922,True,1,False,False
O-43,SP9Y,(a) vidārikā (a) vidārikā (a) vidārikā (a) vidārikā - -,(a) vidārikā,SP9Y,0.9999999560751421,True,1.0,SP9Y,1.249999956075142,True,1,False,False
O-48,SP71,(a) śarkarārbudaḥ (a) śarkarārbudaḥ (a) śarkarārbudaḥ (a) śarkarārbudaḥ - -,(a) śarkarārbudaḥ,SP71,0.9999999946672785,True,1.0,SP71,1.2499999946672786,True,1,False,False
O-50,SN5Y,(a) śyāvapiṇḍikā (a) śyāvapiṇḍikā (a) śyāvapiṇḍikā (a) śyāvapiṇḍikā - -,(a) śyāvapiṇḍikā,SN5Y,0.9999999580578922,True,1.0,SN5Y,1.2499999580578922,True,1,False,False
PE,SQ6Y,(a) jaṅgamaviṣaḥ (a) jaṅgamaviṣaḥ (a) jaṅgamaviṣaḥ (a) jaṅgamaviṣaḥ - -,(a) jaṅgamaviṣaḥ,SQ6Y,0.9999999922293934,True,1.0,SQ6Y,1.2499999922293934,True,1,False,False
PE-4.8,SQ61,"(a) garaviṣaḥ (a) garaviṣaḥ (a) garaviṣaḥ (a) garaviṣaḥ - It is characterised by palor, emaciation, swelling of body parts. This may be explained by: (a) Impairment of functioning of ojas due to poison.",(a) garaviṣaḥ,SQ61,0.99999999549107,True,1.0,SQ61,1.2499999954910699,True,1,False,False
Q-4,SQ2Y,(a) jāṅgalamāṃsātyupayogaḥ (a) jāṅgalamāṃsātyupayogaḥ (a) jāṅgalamāṃsātyupayogaḥ (a) jāṅgalamāṃsātyupayogaḥ - -,(a) jāṅgalamāṃsātyupayogaḥ,SQ2Y,0.9999999657776285,True,1.0,SQ2Y,1.2499999657776284,True,1,False,False
Q-8,SQ2Y,(a) śālidhānya-atiyogaḥ (a) śālidhānya-atiyogaḥ (a) śālidhānya-atiyogaḥ (a) śālidhānya-atiyogaḥ - -,(a) śālidhānya-atiyogaḥ,SQ2Y,0.9999999846275114,True,1.0,SQ2Y,1.2499999846275114,True,1,False,False
R,SQ8Y,(a) vihāravaiṣamyam (a) vihāravaiṣamyam (a) vihāravaiṣamyam (a) vihāravaiṣamyam - -,(a) vihāravaiṣamyam,SQ8Y,0.9999999788082301,True,1.0,SQ8Y,1.24999997880823,True,1,False,False
RA-1,SQ24,"(a) nidrānāśaḥ (a) asvapnaḥ (a) nidrānāśaḥ (a) asvapnaḥ (a) nidrānāśaḥ (a) asvapnaḥ (a) nidrānāśaḥ (a) asvapnaḥ - It is characterised by loss of sleep, heaviness of head, body pain. This may be explained by: (a) It is caused due to increased vata.",(a) nidrānāśaḥ (a) asvapnaḥ,SQ24,0.9999999948819477,True,1.0,SQ24,0.9999999948819477,True,1,False,False
RA-2,SQ2Y,(a) akālaśayanam (a) akālaśayanam (a) akālaśayanam (a) akālaśayanam - -,(a) akālaśayanam,SQ2Y,0.9999999657776285,True,1.0,SQ2Y,1.2499999657776284,True,1,False,False
RA-4,SQ2Y,(a) divāsvapna-upadravaḥ (a) divāsvapna-upadravaḥ (a) divāsvapna-upadravaḥ (a) divāsvapna-upadravaḥ - -,(a) divāsvapna-upadravaḥ,SQ2Y,0.9999999798809746,True,1.0,SQ2Y,1.2499999798809744,True,1,False,False
RD-1,SS2E,"(a) adhovātavegāvarodhaḥ (a) adhovātavegāvarodhaḥ (a) adhovātavegāvarodhaḥ (a) adhovātavegāvarodhaḥ - It is characterised by retention of faeces, obstruction, retention in passage of urine, retention of flatus, abdominal distension, pain, exhaustion without exertion, diseases of abdomen, colicky pain in the abdomen, feeling of obstruction in the precordial region, impairment of cardiac activity, headache, increased respiration, dysponea, hiccup, cough, cold, catarrh, choking sensation in throat, diminution in quantity of stools, loss of digestive power. This may be explained by derangement of vatadosha and consequently perturbing pitta, kaphadosha resulting in local and systemic effects.",(a) adhovātavegāvarodhaḥ,SS2E,0.9999999952096928,True,1.0,SS2E,1.2499999952096927,True,1,False,False
RD-2,SS28,"(a) aśruvegarodhaḥ (a) aśruvegarodhaḥ (a) aśruvegarodhaḥ (a) aśruvegarodhaḥ - It is characterized by pain in the chest, sinusitis, eye diseases, and wounds in the head, cold, catarrh, diseases of eyes, heart diseases, tastelessness, giddiness or dizziness, heaviness of head, headache, cold, catarrh, torticollis, stiffness of neck and palpable glandular enlargement in abdomen, abdominal lump. This may be explained by derangement of vatadosha and consequently perturbing pitta, kaphadosha resulting in local and systemic effects.",(a) aśruvegarodhaḥ,SS28,0.999999991528207,True,1.0,SS28,1.249999991528207,True,1,False,False
RD-6,SS27,"(a) kṣavathuvegarodhaḥ (a) kṣavathuvegarodhaḥ (a) kṣavathuvegarodhaḥ (a) kṣavathuvegarodhaḥ - It is characterized by headache, facial deviation, pain in the hip joints, and feels as though tottering five sense organs and motor functions, torticollis, stiffness of neck, headache, facial paralysis, hemicranial headache, impairment of sense organs, diseases of head, diseases of eyes, diseases of nose, diseases of ear, feeling of fullness in throat, feeling of fullness in mouth and severe pricking pain in throat. This may be explained by derangement of vatadosha and consequently perturbing pitta, kaphadosha resulting in local and systemic effects.",(a) kṣavathuvegarodhaḥ,SK00,0.9999999914424392,False,4.0,SS27,1.1210892134067876,True,1,True,False
RD-9,SS2A,"(a) purīṣavegarodhaḥ (a) purīṣavegarodhaḥ (a) purīṣavegarodhaḥ (a) purīṣavegarodhaḥ - It is characterized by the feculent vomiting, respiratory illness, knee joint pain, headache, flatulence, and weakness, pain in rectum, headache, suppression of flatus, suppression of faeces, calf claudication, cramp in the calf muscles, abdominal distension, gurgling sound of the intestines, barborygmus, colicky pain in the abdomen, cutting type of pain in anus, obstruction, retention to the passage of faeces. This may be explained by derangement of vatadosha and consequently perturbing pitta, kaphadosha resulting in local and systemic effects.",(a) purīṣavegarodhaḥ,SS2A,0.9999999950090248,True,1.0,SS2A,1.2499999950090248,True,1,False,False
RD-12,SS2D,"(a) tṛṣṇāvegarodhaḥ (a) tṛṣṇāvegarodhaḥ (a) tṛṣṇāvegarodhaḥ (a) tṛṣṇāvegarodhaḥ - It is characterized by dryness in the throat, dryness in mouth, deafness, hearing impairment, exhaustion, fatigue, exhaustion or tiredness of body, precordial pain, cardiac pain, dryness, wasting, emaciation, unconsciousness, confusion, giddiness or dizziness, diseases of heart. This may be explained by derangement of vatadosha and consequently perturbing pitta, kaphadosha resulting in local and systemic effects.",(a) tṛṣṇāvegarodhaḥ,SS2D,0.9999999923606893,True,1.0,SS2D,1.2499999923606893,True,1,False,False
RD-14,SS2C,"(a) kṣudvegarodhaḥ (a) kṣudvegarodhaḥ (a) kṣudvegarodhaḥ (a) kṣudvegarodhaḥ - It is characterized by emaciation, weakness, discolouration, generalised bodyache, tastelessness, giddiness or dizziness, drowsiness, lassitude, diminished vision, breaking type of pain in the body, fatigue in mind and body, pain. This may be explained by derangement of vatadosha and consequently perturbing pitta, kaphadosha resulting in local and systemic effects.",(a) kṣudvegarodhaḥ,SS2C,0.9999999929087825,True,1.0,SS2C,1.2499999929087826,True,1,False,False
RE-2,SN3Y,(a) vyavāyātiyogaḥ (a) vyavāyātiyogaḥ (a) vyavāyātiyogaḥ (a) vyavāyātiyogaḥ - -,(a) vyavāyātiyogaḥ,SN3Y,0.9999999860912662,True,1.0,SN3Y,1.2499999860912663,True,1,False,False
VA-5,SS54,"(a) pittakaphaprakr̥tiḥ (a) pittakaphaprakr̥tiḥ (a) pittakaphaprakr̥tiḥ (a) pittakaphaprakr̥tiḥ - It is characterized by having combined features of pitta and kapha constitution. This may be explained by the non-pathological predominance of pitta, kapha at the time of conception determining a person’s baseline state of optimal functioning of both body and mind.",(a) pittakaphaprakr̥tiḥ,SS54,0.9999999977287699,True,1.0,SS54,1.24999999772877,True,1,False,False
VE-1.1,SS60,(a) brahmakāyaḥ (a) brāhmasattvaṃ (a) brahmakāyaḥ (a) brāhmasattvaṃ (a) brahmakāyaḥ (a) brāhmasattvaṃ (a) brahmakāyaḥ (a) brāhmasattvaṃ - -,(a) brahmakāyaḥ (a) brāhmasattvaṃ,SS60,0.9999999910017761,True,1.0,SS60,0.9999999910017761,True,1,False,False
VE-1.7,SS60,"(a) r̥ṣikāyaḥ (a) ṛṣisattvaṃ, (a) ārṣasattvaṃ (a) r̥ṣikāyaḥ (a) ṛṣisattvaṃ, (a) ārṣasattvaṃ (a) r̥ṣikāyaḥ (a) ṛṣisattvaṃ, (a) ārṣasattvaṃ (a) r̥ṣikāyaḥ (a) ṛṣisattvaṃ, (a) ārṣasattvaṃ - -","(a) r̥ṣikāyaḥ (a) ṛṣisattvaṃ, (a) ārṣasattvaṃ",SS60,0.9999999930300058,True,1.0,SS60,0.9999999930300058,True,1,False,False
VE-3.1,SS62,(a) pāśavakāyaḥ (a) pāśavasattvaṃ (a) pāśavakāyaḥ (a) pāśavasattvaṃ (a) pāśavakāyaḥ (a) pāśavasattvaṃ (a) pāśavakāyaḥ (a) pāśavasattvaṃ - -,(a) pāśavakāyaḥ (a) pāśavasattvaṃ,SS62,0.9999999941805797,True,1.0,SS62,0.9999999941805797,True,1,False,False
VE-3.2,SS62,(a) matsyakāyaḥ (a) mātsyasattvaṃ (a) matsyakāyaḥ (a) mātsyasattvaṃ (a) matsyakāyaḥ (a) mātsyasattvaṃ (a) matsyakāyaḥ (a) mātsyasattvaṃ - -,(a) matsyakāyaḥ (a) mātsyasattvaṃ,SS62,0.9999999941805797,True,1.0,SS62,0.9999999941805797,True,1,False,False
